rosbagTimestamp,seq,secs,nsecs,frame_id,status,service,latitude,longitude,altitude,position_covariance,position_covariance_type,normality
1.57E+18,0,1574069785,712273355,base_link,0,1,40.3548519,-3.7441363,706.6966169,"[0.722500040531159, 0.0, 0.0, 0.0, 0.722500040531159, 0.0, 0.0, 0.0, 2.016399878120424]",1,1
1.57E+18,1,1574069785,951754837,base_link,0,1,40.3548514,-3.744136,706.6766161,"[0.722500040531159, 0.0, 0.0, 0.0, 0.722500040531159, 0.0, 0.0, 0.0, 2.016399878120424]",1,1
1.57E+18,2,1574069786,192365652,base_link,0,1,40.3548506,-3.7441358,706.6666152,"[0.722500040531159, 0.0, 0.0, 0.0, 0.722500040531159, 0.0, 0.0, 0.0, 2.016399878120424]",1,1
1.57E+18,3,1574069786,432829361,base_link,0,1,40.3548502,-3.7441357,706.6566147,"[0.722500040531159, 0.0, 0.0, 0.0, 0.722500040531159, 0.0, 0.0, 0.0, 2.016399878120424]",1,1
1.57E+18,4,1574069786,666516517,base_link,0,1,40.3548502,-3.7441354,706.6466145,"[0.722500040531159, 0.0, 0.0, 0.0, 0.722500040531159, 0.0, 0.0, 0.0, 2.016399878120424]",1,1
1.57E+18,5,1574069786,912236939,base_link,0,1,40.3548502,-3.7441351,706.6266142,"[0.722500040531159, 0.0, 0.0, 0.0, 0.722500040531159, 0.0, 0.0, 0.0, 2.016399878120424]",1,1
1.57E+18,6,1574069787,151945599,base_link,0,1,40.3548504,-3.7441349,706.6166142,"[0.9604000373840336, 0.0, 0.0, 0.0, 0.9604000373840336, 0.0, 0.0, 0.0, 4.326399682617193]",1,1
1.57E+18,7,1574069787,392729551,base_link,0,1,40.3548503,-3.7441347,706.596614,"[0.9604000373840336, 0.0, 0.0, 0.0, 0.9604000373840336, 0.0, 0.0, 0.0, 4.326399682617193]",1,1
1.57E+18,8,1574069787,635570638,base_link,0,1,40.3548497,-3.7441344,706.5966131,"[0.9604000373840336, 0.0, 0.0, 0.0, 0.9604000373840336, 0.0, 0.0, 0.0, 4.326399682617193]",1,1
1.57E+18,9,1574069787,874802230,base_link,0,1,40.3548491,-3.7441343,706.5866124,"[0.9604000373840336, 0.0, 0.0, 0.0, 0.9604000373840336, 0.0, 0.0, 0.0, 4.326399682617193]",1,1
1.57E+18,10,1574069788,112376565,base_link,0,1,40.3548489,-3.7441341,706.5866121,"[0.9604000373840336, 0.0, 0.0, 0.0, 0.9604000373840336, 0.0, 0.0, 0.0, 4.326399682617193]",1,1
1.57E+18,11,1574069788,353414958,base_link,0,1,40.3548491,-3.7441338,706.576612,"[0.9604000373840336, 0.0, 0.0, 0.0, 0.9604000373840336, 0.0, 0.0, 0.0, 4.326399682617193]",1,1
1.57E+18,12,1574069788,589586889,base_link,0,1,40.3548491,-3.7441336,706.5866118,"[0.9604000373840336, 0.0, 0.0, 0.0, 0.9604000373840336, 0.0, 0.0, 0.0, 4.326399682617193]",1,1
1.57E+18,13,1574069788,832214762,base_link,0,1,40.3548491,-3.7441334,706.5766117,"[0.9604000373840336, 0.0, 0.0, 0.0, 0.9604000373840336, 0.0, 0.0, 0.0, 4.326399682617193]",1,1
1.57E+18,14,1574069789,72036531,base_link,0,1,40.3548491,-3.7441332,706.5666115,"[0.9604000373840336, 0.0, 0.0, 0.0, 0.9604000373840336, 0.0, 0.0, 0.0, 4.326399682617193]",1,1
1.57E+18,15,1574069789,312591866,base_link,0,1,40.3548489,-3.7441329,706.566611,"[0.9604000373840336, 0.0, 0.0, 0.0, 0.9604000373840336, 0.0, 0.0, 0.0, 4.326399682617193]",1,1
1.57E+18,16,1574069789,546171864,base_link,0,1,40.3548486,-3.7441325,706.5666104,"[0.9604000373840336, 0.0, 0.0, 0.0, 0.9604000373840336, 0.0, 0.0, 0.0, 4.326399682617193]",1,1
1.57E+18,17,1574069789,791880089,base_link,0,1,40.3548485,-3.7441322,706.5666101,"[0.722500040531159, 0.0, 0.0, 0.0, 0.722500040531159, 0.0, 0.0, 0.0, 2.016399878120424]",1,1
1.57E+18,18,1574069790,32167829,base_link,0,1,40.3548483,-3.744132,706.5666097,"[0.9604000373840336, 0.0, 0.0, 0.0, 0.9604000373840336, 0.0, 0.0, 0.0, 4.326399682617193]",1,1
1.57E+18,19,1574069790,272064333,base_link,0,1,40.3548478,-3.7441318,706.566609,"[0.722500040531159, 0.0, 0.0, 0.0, 0.722500040531159, 0.0, 0.0, 0.0, 2.016399878120424]",1,1
1.57E+18,20,1574069790,511908836,base_link,0,1,40.3548477,-3.7441314,706.5666086,"[0.722500040531159, 0.0, 0.0, 0.0, 0.722500040531159, 0.0, 0.0, 0.0, 2.016399878120424]",1,1
1.57E+18,21,1574069790,751707260,base_link,0,1,40.3548477,-3.7441312,706.5666084,"[0.722500040531159, 0.0, 0.0, 0.0, 0.722500040531159, 0.0, 0.0, 0.0, 2.016399878120424]",1,1
1.57E+18,22,1574069790,992110298,base_link,0,1,40.3548477,-3.744131,706.5566083,"[0.9604000373840336, 0.0, 0.0, 0.0, 0.9604000373840336, 0.0, 0.0, 0.0, 4.326399682617193]",1,1
1.57E+18,23,1574069791,230517411,base_link,0,1,40.3548478,-3.7441309,706.5566083,"[0.9604000373840336, 0.0, 0.0, 0.0, 0.9604000373840336, 0.0, 0.0, 0.0, 4.326399682617193]",1,1
1.57E+18,24,1574069791,471115168,base_link,0,1,40.3548476,-3.7441306,706.5566078,"[0.9604000373840336, 0.0, 0.0, 0.0, 0.9604000373840336, 0.0, 0.0, 0.0, 4.326399682617193]",1,1
1.57E+18,25,1574069791,709672779,base_link,0,1,40.3548473,-3.7441303,706.5666073,"[0.9604000373840336, 0.0, 0.0, 0.0, 0.9604000373840336, 0.0, 0.0, 0.0, 4.326399682617193]",1,1
1.57E+18,26,1574069791,951364561,base_link,0,1,40.3548469,-3.74413,706.5666066,"[0.9604000373840336, 0.0, 0.0, 0.0, 0.9604000373840336, 0.0, 0.0, 0.0, 4.326399682617193]",1,1
1.57E+18,27,1574069792,191955628,base_link,0,1,40.3548464,-3.7441297,706.5666059,"[0.9604000373840336, 0.0, 0.0, 0.0, 0.9604000373840336, 0.0, 0.0, 0.0, 4.326399682617193]",1,1
1.57E+18,28,1574069792,429676806,base_link,0,1,40.3548459,-3.7441294,706.5666051,"[0.9604000373840336, 0.0, 0.0, 0.0, 0.9604000373840336, 0.0, 0.0, 0.0, 4.326399682617193]",1,1
1.57E+18,29,1574069792,670266654,base_link,0,1,40.3548454,-3.7441292,706.5766045,"[0.9604000373840336, 0.0, 0.0, 0.0, 0.9604000373840336, 0.0, 0.0, 0.0, 4.326399682617193]",1,1
1.57E+18,30,1574069792,907640418,base_link,0,1,40.3548449,-3.7441289,706.5866037,"[0.9604000373840336, 0.0, 0.0, 0.0, 0.9604000373840336, 0.0, 0.0, 0.0, 6.8120994524002185]",1,1
1.57E+18,31,1574069793,151320966,base_link,0,1,40.3548444,-3.7441287,706.5866031,"[0.9604000373840336, 0.0, 0.0, 0.0, 0.9604000373840336, 0.0, 0.0, 0.0, 4.326399682617193]",1,1
1.57E+18,32,1574069793,390181189,base_link,0,1,40.3548442,-3.7441284,706.5966026,"[0.9604000373840336, 0.0, 0.0, 0.0, 0.9604000373840336, 0.0, 0.0, 0.0, 4.326399682617193]",1,1
1.57E+18,33,1574069793,630179269,base_link,0,1,40.3548438,-3.744128,706.6066019,"[0.9604000373840336, 0.0, 0.0, 0.0, 0.9604000373840336, 0.0, 0.0, 0.0, 4.326399682617193]",1,1
1.57E+18,34,1574069793,910897648,base_link,0,1,40.3548428,-3.7441277,706.6266007,"[0.9604000373840336, 0.0, 0.0, 0.0, 0.9604000373840336, 0.0, 0.0, 0.0, 4.326399682617193]",1,1
1.57E+18,35,1574069794,212079920,base_link,0,1,40.3548418,-3.7441273,706.6465994,"[0.9604000373840336, 0.0, 0.0, 0.0, 0.9604000373840336, 0.0, 0.0, 0.0, 4.326399682617193]",1,1
1.57E+18,36,1574069794,523366130,base_link,0,1,40.3548412,-3.7441269,706.6665984,"[0.9604000373840336, 0.0, 0.0, 0.0, 0.9604000373840336, 0.0, 0.0, 0.0, 4.326399682617193]",1,1
1.57E+18,37,1574069794,792667954,base_link,0,1,40.3548409,-3.7441265,706.6765978,"[0.9604000373840336, 0.0, 0.0, 0.0, 0.9604000373840336, 0.0, 0.0, 0.0, 4.326399682617193]",1,1
1.57E+18,38,1574069795,72272256,base_link,0,1,40.3548407,-3.744126,706.6865972,"[0.9604000373840336, 0.0, 0.0, 0.0, 0.9604000373840336, 0.0, 0.0, 0.0, 4.326399682617193]",1,1
1.57E+18,39,1574069795,352943931,base_link,0,1,40.3548406,-3.7441254,706.6965966,"[0.9604000373840336, 0.0, 0.0, 0.0, 0.9604000373840336, 0.0, 0.0, 0.0, 4.326399682617193]",1,1
1.57E+18,40,1574069795,673820453,base_link,0,1,40.3548402,-3.7441249,706.7165958,"[0.9604000373840336, 0.0, 0.0, 0.0, 0.9604000373840336, 0.0, 0.0, 0.0, 4.326399682617193]",1,1
1.57E+18,41,1574069795,916183219,base_link,0,1,40.3548395,-3.7441244,706.7265946,"[0.9604000373840336, 0.0, 0.0, 0.0, 0.9604000373840336, 0.0, 0.0, 0.0, 4.326399682617193]",1,1
1.57E+18,42,1574069796,199629048,base_link,0,1,40.3548389,-3.7441239,706.7365936,"[0.9604000373840336, 0.0, 0.0, 0.0, 0.9604000373840336, 0.0, 0.0, 0.0, 4.326399682617193]",1,1
1.57E+18,43,1574069796,466865985,base_link,0,1,40.3548379,-3.7441233,706.7465922,"[0.9604000373840336, 0.0, 0.0, 0.0, 0.9604000373840336, 0.0, 0.0, 0.0, 4.326399682617193]",1,1
1.57E+18,44,1574069796,753584102,base_link,0,1,40.3548366,-3.7441226,706.7665903,"[0.9604000373840336, 0.0, 0.0, 0.0, 0.9604000373840336, 0.0, 0.0, 0.0, 4.326399682617193]",1,1
1.57E+18,45,1574069797,34202996,base_link,0,1,40.3548354,-3.7441221,706.7765887,"[0.9604000373840336, 0.0, 0.0, 0.0, 0.9604000373840336, 0.0, 0.0, 0.0, 4.326399682617193]",1,1
1.57E+18,46,1574069797,339019615,base_link,0,1,40.354834,-3.7441217,706.786587,"[0.9604000373840336, 0.0, 0.0, 0.0, 0.9604000373840336, 0.0, 0.0, 0.0, 4.326399682617193]",1,1
1.57E+18,47,1574069797,613904827,base_link,0,1,40.354833,-3.7441218,706.8065861,"[0.9604000373840336, 0.0, 0.0, 0.0, 0.9604000373840336, 0.0, 0.0, 0.0, 4.326399682617193]",1,1
1.57E+18,48,1574069797,883593833,base_link,0,1,40.3548321,-3.7441215,706.816585,"[0.9604000373840336, 0.0, 0.0, 0.0, 0.9604000373840336, 0.0, 0.0, 0.0, 4.326399682617193]",1,1
1.57E+18,49,1574069798,172407038,base_link,0,1,40.3548314,-3.7441211,706.816584,"[0.9604000373840336, 0.0, 0.0, 0.0, 0.9604000373840336, 0.0, 0.0, 0.0, 4.326399682617193]",1,1
1.57E+18,50,1574069798,433773910,base_link,0,1,40.3548307,-3.7441205,706.8165828,"[0.9604000373840336, 0.0, 0.0, 0.0, 0.9604000373840336, 0.0, 0.0, 0.0, 4.326399682617193]",1,1
1.57E+18,51,1574069798,696569421,base_link,0,1,40.3548305,-3.7441196,706.8165818,"[0.9604000373840336, 0.0, 0.0, 0.0, 0.9604000373840336, 0.0, 0.0, 0.0, 4.326399682617193]",1,1
1.57E+18,52,1574069798,995037164,base_link,0,1,40.35483,-3.7441186,706.8165805,"[0.722500040531159, 0.0, 0.0, 0.0, 0.722500040531159, 0.0, 0.0, 0.0, 2.016399878120424]",1,1
1.57E+18,53,1574069799,271450003,base_link,0,1,40.3548297,-3.7441176,706.8165793,"[0.722500040531159, 0.0, 0.0, 0.0, 0.722500040531159, 0.0, 0.0, 0.0, 2.016399878120424]",1,1
1.57E+18,54,1574069799,556982200,base_link,0,1,40.3548295,-3.7441167,706.8065784,"[0.722500040531159, 0.0, 0.0, 0.0, 0.722500040531159, 0.0, 0.0, 0.0, 2.016399878120424]",1,1
1.57E+18,55,1574069799,833279191,base_link,0,1,40.3548295,-3.7441158,706.7965776,"[0.722500040531159, 0.0, 0.0, 0.0, 0.722500040531159, 0.0, 0.0, 0.0, 2.016399878120424]",1,1
1.57E+18,56,1574069800,126246691,base_link,0,1,40.3548295,-3.7441151,706.786577,"[0.722500040531159, 0.0, 0.0, 0.0, 0.722500040531159, 0.0, 0.0, 0.0, 2.016399878120424]",1,1
1.57E+18,57,1574069800,430388669,base_link,0,1,40.3548294,-3.7441139,706.7665759,"[0.722500040531159, 0.0, 0.0, 0.0, 0.722500040531159, 0.0, 0.0, 0.0, 2.016399878120424]",1,1
1.57E+18,58,1574069800,695583680,base_link,0,1,40.3548293,-3.7441126,706.7665746,"[0.722500040531159, 0.0, 0.0, 0.0, 0.722500040531159, 0.0, 0.0, 0.0, 2.016399878120424]",1,1
1.57E+18,59,1574069800,972102529,base_link,0,1,40.3548291,-3.7441114,706.7665734,"[0.722500040531159, 0.0, 0.0, 0.0, 0.722500040531159, 0.0, 0.0, 0.0, 2.016399878120424]",1,1
1.57E+18,60,1574069801,279173997,base_link,0,1,40.354829,-3.7441106,706.7565726,"[0.722500040531159, 0.0, 0.0, 0.0, 0.722500040531159, 0.0, 0.0, 0.0, 2.016399878120424]",1,1
1.57E+18,61,1574069801,548252742,base_link,0,1,40.3548287,-3.74411,706.7665718,"[0.722500040531159, 0.0, 0.0, 0.0, 0.722500040531159, 0.0, 0.0, 0.0, 2.016399878120424]",1,1
1.57E+18,62,1574069801,831952131,base_link,0,1,40.3548285,-3.7441095,706.7765712,"[0.722500040531159, 0.0, 0.0, 0.0, 0.722500040531159, 0.0, 0.0, 0.0, 2.016399878120424]",1,1
1.57E+18,63,1574069802,132691955,base_link,0,1,40.3548283,-3.7441087,706.7765703,"[0.774399991607666, 0.0, 0.0, 0.0, 0.774399991607666, 0.0, 0.0, 0.0, 2.016399878120424]",1,1
1.57E+18,64,1574069802,411333107,base_link,0,1,40.3548283,-3.7441082,706.7865699,"[0.722500040531159, 0.0, 0.0, 0.0, 0.722500040531159, 0.0, 0.0, 0.0, 2.016399878120424]",1,1
1.57E+18,65,1574069802,686854050,base_link,0,1,40.3548285,-3.7441076,706.7965696,"[0.722500040531159, 0.0, 0.0, 0.0, 0.722500040531159, 0.0, 0.0, 0.0, 2.016399878120424]",1,1
1.57E+18,66,1574069802,971616155,base_link,0,1,40.3548287,-3.7441073,706.7965695,"[0.722500040531159, 0.0, 0.0, 0.0, 0.722500040531159, 0.0, 0.0, 0.0, 2.016399878120424]",1,1
1.57E+18,67,1574069803,227184983,base_link,0,1,40.354829,-3.7441072,706.7865697,"[0.722500040531159, 0.0, 0.0, 0.0, 0.722500040531159, 0.0, 0.0, 0.0, 2.016399878120424]",1,1
1.57E+18,68,1574069803,508512649,base_link,0,1,40.3548292,-3.7441073,706.78657,"[0.722500040531159, 0.0, 0.0, 0.0, 0.722500040531159, 0.0, 0.0, 0.0, 2.016399878120424]",1,1
1.57E+18,69,1574069803,832006513,base_link,0,1,40.3548294,-3.7441071,706.77657,"[0.722500040531159, 0.0, 0.0, 0.0, 0.722500040531159, 0.0, 0.0, 0.0, 2.016399878120424]",1,1
1.57E+18,70,1574069804,106531217,base_link,0,1,40.3548297,-3.7441063,706.7565696,"[0.722500040531159, 0.0, 0.0, 0.0, 0.722500040531159, 0.0, 0.0, 0.0, 2.016399878120424]",1,1
1.57E+18,71,1574069804,385873452,base_link,0,1,40.3548299,-3.744106,706.7465695,"[0.722500040531159, 0.0, 0.0, 0.0, 0.722500040531159, 0.0, 0.0, 0.0, 2.016399878120424]",1,1
1.57E+18,72,1574069804,647845629,base_link,0,1,40.3548299,-3.7441061,706.7565696,"[0.722500040531159, 0.0, 0.0, 0.0, 0.722500040531159, 0.0, 0.0, 0.0, 2.016399878120424]",1,1
1.57E+18,73,1574069804,931889273,base_link,0,1,40.3548298,-3.7441058,706.7565693,"[0.722500040531159, 0.0, 0.0, 0.0, 0.722500040531159, 0.0, 0.0, 0.0, 2.016399878120424]",1,1
1.57E+18,74,1574069805,190367542,base_link,0,1,40.3548299,-3.7441055,706.7565691,"[0.722500040531159, 0.0, 0.0, 0.0, 0.722500040531159, 0.0, 0.0, 0.0, 2.016399878120424]",1,1
1.57E+18,75,1574069805,481420959,base_link,0,1,40.3548301,-3.744105,706.7565689,"[0.722500040531159, 0.0, 0.0, 0.0, 0.722500040531159, 0.0, 0.0, 0.0, 2.016399878120424]",1,1
1.57E+18,76,1574069805,745529467,base_link,0,1,40.3548305,-3.7441041,706.7365685,"[0.722500040531159, 0.0, 0.0, 0.0, 0.722500040531159, 0.0, 0.0, 0.0, 2.016399878120424]",1,1
1.57E+18,77,1574069806,32039605,base_link,0,1,40.3548312,-3.7441031,706.7465683,"[0.722500040531159, 0.0, 0.0, 0.0, 0.722500040531159, 0.0, 0.0, 0.0, 2.016399878120424]",1,1
1.57E+18,78,1574069806,347252311,base_link,0,1,40.3548319,-3.7441018,706.7665678,"[0.722500040531159, 0.0, 0.0, 0.0, 0.722500040531159, 0.0, 0.0, 0.0, 2.016399878120424]",1,1
1.57E+18,79,1574069806,615868176,base_link,0,1,40.3548323,-3.7441008,706.8165674,"[0.722500040531159, 0.0, 0.0, 0.0, 0.722500040531159, 0.0, 0.0, 0.0, 2.016399878120424]",1,1
1.57E+18,80,1574069806,904942278,base_link,0,1,40.3548322,-3.7441005,706.876567,"[0.722500040531159, 0.0, 0.0, 0.0, 0.722500040531159, 0.0, 0.0, 0.0, 2.016399878120424]",1,1
1.57E+18,81,1574069807,206177879,base_link,0,1,40.3548312,-3.7441014,706.9265668,"[0.722500040531159, 0.0, 0.0, 0.0, 0.722500040531159, 0.0, 0.0, 0.0, 2.016399878120424]",1,1
1.57E+18,82,1574069807,489975902,base_link,0,1,40.3548308,-3.744102,706.986567,"[0.722500040531159, 0.0, 0.0, 0.0, 0.722500040531159, 0.0, 0.0, 0.0, 2.016399878120424]",1,1
1.57E+18,83,1574069807,745586196,base_link,0,1,40.3548306,-3.7441025,707.0565672,"[0.792099974536896, 0.0, 0.0, 0.0, 0.792099974536896, 0.0, 0.0, 0.0, 2.016399878120424]",1,1
1.57E+18,84,1574069808,26025009,base_link,0,1,40.3548305,-3.7441028,707.1065674,"[0.792099974536896, 0.0, 0.0, 0.0, 0.792099974536896, 0.0, 0.0, 0.0, 2.016399878120424]",1,1
1.57E+18,85,1574069808,312139810,base_link,0,1,40.3548306,-3.7441025,707.1365672,"[0.722500040531159, 0.0, 0.0, 0.0, 0.722500040531159, 0.0, 0.0, 0.0, 2.016399878120424]",1,1
1.57E+18,86,1574069808,632191494,base_link,0,1,40.3548308,-3.7441014,707.1365664,"[0.722500040531159, 0.0, 0.0, 0.0, 0.722500040531159, 0.0, 0.0, 0.0, 2.016399878120424]",1,1
1.57E+18,87,1574069808,871890324,base_link,0,1,40.354831,-3.7441005,707.1365659,"[0.722500040531159, 0.0, 0.0, 0.0, 0.722500040531159, 0.0, 0.0, 0.0, 2.016399878120424]",1,1
1.57E+18,88,1574069809,150923494,base_link,0,1,40.3548311,-3.7440994,707.146565,"[0.722500040531159, 0.0, 0.0, 0.0, 0.722500040531159, 0.0, 0.0, 0.0, 2.016399878120424]",1,1
1.57E+18,89,1574069809,431444068,base_link,0,1,40.3548307,-3.7440983,707.1665637,"[0.722500040531159, 0.0, 0.0, 0.0, 0.722500040531159, 0.0, 0.0, 0.0, 2.016399878120424]",1,1
1.57E+18,90,1574069809,711718626,base_link,0,1,40.3548298,-3.7440982,707.1865627,"[0.722500040531159, 0.0, 0.0, 0.0, 0.722500040531159, 0.0, 0.0, 0.0, 2.016399878120424]",1,1
1.57E+18,91,1574069809,971806444,base_link,0,1,40.3548296,-3.7440981,707.1965624,"[0.722500040531159, 0.0, 0.0, 0.0, 0.722500040531159, 0.0, 0.0, 0.0, 2.016399878120424]",1,1
1.57E+18,92,1574069810,275014752,base_link,0,1,40.3548304,-3.744097,707.1965623,"[0.722500040531159, 0.0, 0.0, 0.0, 0.722500040531159, 0.0, 0.0, 0.0, 2.016399878120424]",1,1
1.57E+18,93,1574069810,584994757,base_link,0,1,40.3548309,-3.7440954,707.2065614,"[0.722500040531159, 0.0, 0.0, 0.0, 0.722500040531159, 0.0, 0.0, 0.0, 2.016399878120424]",1,1
1.57E+18,94,1574069810,844444559,base_link,0,1,40.3548311,-3.7440942,707.2165605,"[0.722500040531159, 0.0, 0.0, 0.0, 0.722500040531159, 0.0, 0.0, 0.0, 2.016399878120424]",1,1
1.57E+18,95,1574069811,159034458,base_link,0,1,40.3548314,-3.7440928,707.2265596,"[0.722500040531159, 0.0, 0.0, 0.0, 0.722500040531159, 0.0, 0.0, 0.0, 2.016399878120424]",1,1
1.57E+18,96,1574069811,432780007,base_link,0,1,40.3548318,-3.7440912,707.2565586,"[0.722500040531159, 0.0, 0.0, 0.0, 0.722500040531159, 0.0, 0.0, 0.0, 2.016399878120424]",1,1
1.57E+18,97,1574069811,670008001,base_link,0,1,40.354832,-3.7440902,707.2965579,"[0.722500040531159, 0.0, 0.0, 0.0, 0.722500040531159, 0.0, 0.0, 0.0, 2.016399878120424]",1,1
1.57E+18,98,1574069811,965365992,base_link,0,1,40.354833,-3.7440899,707.3665587,"[0.722500040531159, 0.0, 0.0, 0.0, 0.722500040531159, 0.0, 0.0, 0.0, 2.016399878120424]",1,1
1.57E+18,99,1574069812,246427316,base_link,0,1,40.3548339,-3.7440899,707.4365595,"[0.722500040531159, 0.0, 0.0, 0.0, 0.722500040531159, 0.0, 0.0, 0.0, 2.016399878120424]",1,1
1.57E+18,100,1574069812,535666572,base_link,0,1,40.3548345,-3.74409,707.5165602,"[0.722500040531159, 0.0, 0.0, 0.0, 0.722500040531159, 0.0, 0.0, 0.0, 2.016399878120424]",1,1
1.57E+18,101,1574069812,807612219,base_link,0,1,40.3548343,-3.7440906,707.6065605,"[0.722500040531159, 0.0, 0.0, 0.0, 0.722500040531159, 0.0, 0.0, 0.0, 2.016399878120424]",1,1
1.57E+18,102,1574069813,91715225,base_link,0,1,40.3548342,-3.7440909,707.6965607,"[0.722500040531159, 0.0, 0.0, 0.0, 0.722500040531159, 0.0, 0.0, 0.0, 2.016399878120424]",1,1
1.57E+18,103,1574069813,407950368,base_link,0,1,40.3548344,-3.7440909,707.7965609,"[0.722500040531159, 0.0, 0.0, 0.0, 0.722500040531159, 0.0, 0.0, 0.0, 2.016399878120424]",1,1
1.57E+18,104,1574069813,738986609,base_link,0,1,40.3548347,-3.7440895,707.88656,"[0.722500040531159, 0.0, 0.0, 0.0, 0.722500040531159, 0.0, 0.0, 0.0, 2.016399878120424]",1,1
1.57E+18,105,1574069813,990233014,base_link,0,1,40.354835,-3.744088,707.9365589,"[0.722500040531159, 0.0, 0.0, 0.0, 0.722500040531159, 0.0, 0.0, 0.0, 2.016399878120424]",1,1
1.57E+18,106,1574069814,252295488,base_link,0,1,40.3548353,-3.7440865,707.9865579,"[0.722500040531159, 0.0, 0.0, 0.0, 0.722500040531159, 0.0, 0.0, 0.0, 2.016399878120424]",1,1
1.57E+18,107,1574069814,531168904,base_link,0,1,40.3548355,-3.7440853,708.0565571,"[0.722500040531159, 0.0, 0.0, 0.0, 0.722500040531159, 0.0, 0.0, 0.0, 2.016399878120424]",1,1
1.57E+18,108,1574069814,843627153,base_link,0,1,40.3548355,-3.7440851,708.1165569,"[0.792099974536896, 0.0, 0.0, 0.0, 0.792099974536896, 0.0, 0.0, 0.0, 2.4964001356124896]",1,1
1.57E+18,109,1574069815,92423391,base_link,0,1,40.3548356,-3.744085,708.1565569,"[0.792099974536896, 0.0, 0.0, 0.0, 0.792099974536896, 0.0, 0.0, 0.0, 2.4964001356124896]",1,1
1.57E+18,110,1574069815,352625274,base_link,0,1,40.3548356,-3.7440849,708.2065569,"[0.722500040531159, 0.0, 0.0, 0.0, 0.722500040531159, 0.0, 0.0, 0.0, 2.016399878120424]",1,1
1.57E+18,111,1574069815,609622104,base_link,0,1,40.3548356,-3.7440848,708.2665568,"[0.792099974536896, 0.0, 0.0, 0.0, 0.792099974536896, 0.0, 0.0, 0.0, 2.4964001356124896]",1,1
1.57E+18,112,1574069815,871516259,base_link,0,1,40.3548359,-3.744085,708.3065572,"[0.792099974536896, 0.0, 0.0, 0.0, 0.792099974536896, 0.0, 0.0, 0.0, 2.4964001356124896]",1,1
1.57E+18,113,1574069816,130096996,base_link,0,1,40.3548361,-3.744085,708.3465574,"[0.722500040531159, 0.0, 0.0, 0.0, 0.722500040531159, 0.0, 0.0, 0.0, 2.016399878120424]",1,1
1.57E+18,114,1574069816,387862041,base_link,0,1,40.3548359,-3.7440848,708.3565571,"[0.722500040531159, 0.0, 0.0, 0.0, 0.722500040531159, 0.0, 0.0, 0.0, 2.016399878120424]",1,1
1.57E+18,115,1574069816,684191081,base_link,0,1,40.3548357,-3.7440845,708.3565566,"[0.792099974536896, 0.0, 0.0, 0.0, 0.792099974536896, 0.0, 0.0, 0.0, 2.4964001356124896]",1,1
1.57E+18,116,1574069816,933011259,base_link,0,1,40.3548355,-3.7440841,708.3765561,"[0.722500040531159, 0.0, 0.0, 0.0, 0.722500040531159, 0.0, 0.0, 0.0, 2.016399878120424]",1,1
1.57E+18,117,1574069817,191774262,base_link,0,1,40.3548353,-3.7440837,708.4065555,"[0.722500040531159, 0.0, 0.0, 0.0, 0.722500040531159, 0.0, 0.0, 0.0, 2.016399878120424]",1,1
1.57E+18,118,1574069817,475416664,base_link,0,1,40.3548351,-3.7440832,708.4465549,"[0.722500040531159, 0.0, 0.0, 0.0, 0.722500040531159, 0.0, 0.0, 0.0, 2.016399878120424]",1,1
1.57E+18,119,1574069817,732358050,base_link,0,1,40.3548347,-3.7440829,708.4665543,"[0.722500040531159, 0.0, 0.0, 0.0, 0.722500040531159, 0.0, 0.0, 0.0, 2.016399878120424]",1,1
1.57E+18,120,1574069817,984913956,base_link,0,1,40.3548339,-3.7440826,708.4665532,"[0.722500040531159, 0.0, 0.0, 0.0, 0.722500040531159, 0.0, 0.0, 0.0, 2.016399878120424]",1,1
1.57E+18,121,1574069818,254812238,base_link,0,1,40.3548331,-3.7440822,708.4765521,"[0.722500040531159, 0.0, 0.0, 0.0, 0.722500040531159, 0.0, 0.0, 0.0, 2.016399878120424]",1,1
1.57E+18,122,1574069818,530304703,base_link,0,1,40.3548326,-3.744082,708.4765515,"[0.722500040531159, 0.0, 0.0, 0.0, 0.722500040531159, 0.0, 0.0, 0.0, 2.016399878120424]",1,1
1.57E+18,123,1574069818,803922803,base_link,0,1,40.3548324,-3.744082,708.4765513,"[0.722500040531159, 0.0, 0.0, 0.0, 0.722500040531159, 0.0, 0.0, 0.0, 2.016399878120424]",1,1
1.57E+18,124,1574069819,47443220,base_link,0,1,40.3548323,-3.7440823,708.4765514,"[0.722500040531159, 0.0, 0.0, 0.0, 0.722500040531159, 0.0, 0.0, 0.0, 2.016399878120424]",1,1
1.57E+18,125,1574069819,312416602,base_link,0,1,40.3548321,-3.7440828,708.4765517,"[0.722500040531159, 0.0, 0.0, 0.0, 0.722500040531159, 0.0, 0.0, 0.0, 2.016399878120424]",1,1
1.57E+18,126,1574069819,605016689,base_link,0,1,40.3548319,-3.7440828,708.4765515,"[0.722500040531159, 0.0, 0.0, 0.0, 0.722500040531159, 0.0, 0.0, 0.0, 2.016399878120424]",1,1
1.57E+18,127,1574069819,900639109,base_link,0,1,40.3548314,-3.7440824,708.4765507,"[0.9604000373840336, 0.0, 0.0, 0.0, 0.9604000373840336, 0.0, 0.0, 0.0, 4.284899723625188]",1,1
1.57E+18,128,1574069820,151957702,base_link,0,1,40.354831,-3.7440822,708.4765501,"[0.9604000373840336, 0.0, 0.0, 0.0, 0.9604000373840336, 0.0, 0.0, 0.0, 4.284899723625188]",1,1
1.57E+18,129,1574069820,433215538,base_link,0,1,40.354831,-3.7440823,708.4765502,"[0.722500040531159, 0.0, 0.0, 0.0, 0.722500040531159, 0.0, 0.0, 0.0, 2.016399878120424]",1,1
1.57E+18,130,1574069820,684885009,base_link,0,1,40.354831,-3.7440825,708.4865504,"[0.722500040531159, 0.0, 0.0, 0.0, 0.722500040531159, 0.0, 0.0, 0.0, 2.016399878120424]",1,1
1.57E+18,131,1574069820,932123672,base_link,0,1,40.354831,-3.7440831,708.4765509,"[0.9604000373840336, 0.0, 0.0, 0.0, 0.9604000373840336, 0.0, 0.0, 0.0, 4.284899723625188]",1,1
1.57E+18,132,1574069821,196965850,base_link,0,1,40.3548305,-3.7440831,708.4565504,"[0.9604000373840336, 0.0, 0.0, 0.0, 0.9604000373840336, 0.0, 0.0, 0.0, 4.284899723625188]",1,1
1.57E+18,133,1574069821,459877801,base_link,0,1,40.3548295,-3.7440831,708.4465494,"[0.9604000373840336, 0.0, 0.0, 0.0, 0.9604000373840336, 0.0, 0.0, 0.0, 4.284899723625188]",1,1
1.57E+18,134,1574069821,712498939,base_link,0,1,40.3548285,-3.7440832,708.4265485,"[0.9604000373840336, 0.0, 0.0, 0.0, 0.9604000373840336, 0.0, 0.0, 0.0, 4.284899723625188]",1,1
1.57E+18,135,1574069821,976222570,base_link,0,1,40.3548278,-3.7440832,708.4065479,"[0.9604000373840336, 0.0, 0.0, 0.0, 0.9604000373840336, 0.0, 0.0, 0.0, 4.284899723625188]",1,1
1.57E+18,136,1574069822,284426316,base_link,0,1,40.3548275,-3.7440833,708.3965477,"[0.9604000373840336, 0.0, 0.0, 0.0, 0.9604000373840336, 0.0, 0.0, 0.0, 4.284899723625188]",1,1
1.57E+18,137,1574069822,559772692,base_link,0,1,40.354827,-3.7440832,708.3765471,"[0.9604000373840336, 0.0, 0.0, 0.0, 0.9604000373840336, 0.0, 0.0, 0.0, 4.284899723625188]",1,1
1.57E+18,138,1574069822,791679948,base_link,0,1,40.3548267,-3.7440834,708.366547,"[0.9604000373840336, 0.0, 0.0, 0.0, 0.9604000373840336, 0.0, 0.0, 0.0, 4.284899723625188]",1,1
1.57E+18,139,1574069823,47652493,base_link,0,1,40.3548267,-3.7440841,708.3465476,"[0.9604000373840336, 0.0, 0.0, 0.0, 0.9604000373840336, 0.0, 0.0, 0.0, 4.284899723625188]",1,1
1.57E+18,140,1574069823,319752573,base_link,0,1,40.3548274,-3.7440848,708.3165489,"[0.9604000373840336, 0.0, 0.0, 0.0, 0.9604000373840336, 0.0, 0.0, 0.0, 4.284899723625188]",1,1
1.57E+18,141,1574069823,596772972,base_link,0,1,40.3548281,-3.7440852,708.3065499,"[0.9604000373840336, 0.0, 0.0, 0.0, 0.9604000373840336, 0.0, 0.0, 0.0, 4.284899723625188]",1,1
1.57E+18,142,1574069823,848935568,base_link,0,1,40.3548286,-3.7440854,708.2765505,"[0.9604000373840336, 0.0, 0.0, 0.0, 0.9604000373840336, 0.0, 0.0, 0.0, 4.284899723625188]",1,1
1.57E+18,143,1574069824,120822725,base_link,0,1,40.3548291,-3.7440858,708.2565514,"[0.9604000373840336, 0.0, 0.0, 0.0, 0.9604000373840336, 0.0, 0.0, 0.0, 4.284899723625188]",1,1
1.57E+18,144,1574069824,373808854,base_link,0,1,40.3548297,-3.7440866,708.2365526,"[0.9604000373840336, 0.0, 0.0, 0.0, 0.9604000373840336, 0.0, 0.0, 0.0, 4.284899723625188]",1,1
1.57E+18,145,1574069824,632698350,base_link,0,1,40.3548302,-3.7440868,708.2165533,"[0.9604000373840336, 0.0, 0.0, 0.0, 0.9604000373840336, 0.0, 0.0, 0.0, 4.284899723625188]",1,1
1.57E+18,146,1574069824,927092075,base_link,0,1,40.3548301,-3.744087,708.2065534,"[0.9604000373840336, 0.0, 0.0, 0.0, 0.9604000373840336, 0.0, 0.0, 0.0, 4.284899723625188]",1,1
1.57E+18,147,1574069825,171310646,base_link,0,1,40.3548297,-3.7440875,708.1765534,"[0.9604000373840336, 0.0, 0.0, 0.0, 0.9604000373840336, 0.0, 0.0, 0.0, 4.284899723625188]",1,1
1.57E+18,148,1574069825,462783272,base_link,0,1,40.3548296,-3.7440877,708.1465535,"[0.9604000373840336, 0.0, 0.0, 0.0, 0.9604000373840336, 0.0, 0.0, 0.0, 4.284899723625188]",1,1
1.57E+18,149,1574069825,711429770,base_link,0,1,40.3548296,-3.7440872,708.116553,"[0.9604000373840336, 0.0, 0.0, 0.0, 0.9604000373840336, 0.0, 0.0, 0.0, 6.8120994524002185]",1,1
1.57E+18,150,1574069825,975171434,base_link,0,1,40.3548295,-3.7440863,708.0765522,"[0.9604000373840336, 0.0, 0.0, 0.0, 0.9604000373840336, 0.0, 0.0, 0.0, 6.8120994524002185]",1,1
1.57E+18,151,1574069826,231883153,base_link,0,1,40.3548296,-3.7440855,708.0365516,"[0.9604000373840336, 0.0, 0.0, 0.0, 0.9604000373840336, 0.0, 0.0, 0.0, 6.8120994524002185]",1,1
1.57E+18,152,1574069826,490569270,base_link,0,1,40.3548297,-3.7440846,708.0065509,"[0.9604000373840336, 0.0, 0.0, 0.0, 0.9604000373840336, 0.0, 0.0, 0.0, 6.8120994524002185]",1,1
1.57E+18,153,1574069826,753262890,base_link,0,1,40.3548294,-3.7440839,707.96655,"[0.9604000373840336, 0.0, 0.0, 0.0, 0.9604000373840336, 0.0, 0.0, 0.0, 6.8120994524002185]",1,1
1.57E+18,154,1574069827,35705741,base_link,0,1,40.3548292,-3.7440832,707.9265492,"[0.9604000373840336, 0.0, 0.0, 0.0, 0.9604000373840336, 0.0, 0.0, 0.0, 6.8120994524002185]",1,1
1.57E+18,155,1574069827,332293527,base_link,0,1,40.3548293,-3.7440818,707.8865481,"[0.9604000373840336, 0.0, 0.0, 0.0, 0.9604000373840336, 0.0, 0.0, 0.0, 6.8120994524002185]",1,1
1.57E+18,156,1574069827,556589494,base_link,0,1,40.3548292,-3.744081,707.8465473,"[0.9604000373840336, 0.0, 0.0, 0.0, 0.9604000373840336, 0.0, 0.0, 0.0, 6.8120994524002185]",1,1
1.57E+18,157,1574069827,811612090,base_link,0,1,40.3548289,-3.7440805,707.8165466,"[0.9604000373840336, 0.0, 0.0, 0.0, 0.9604000373840336, 0.0, 0.0, 0.0, 6.8120994524002185]",1,1
1.57E+18,158,1574069828,75747576,base_link,0,1,40.3548286,-3.7440799,707.7765458,"[0.9604000373840336, 0.0, 0.0, 0.0, 0.9604000373840336, 0.0, 0.0, 0.0, 6.8120994524002185]",1,1
1.57E+18,159,1574069828,368046082,base_link,0,1,40.3548284,-3.7440792,707.716545,"[0.9604000373840336, 0.0, 0.0, 0.0, 0.9604000373840336, 0.0, 0.0, 0.0, 6.8120994524002185]",1,1
1.57E+18,160,1574069828,629879781,base_link,0,1,40.3548285,-3.7440789,707.6865448,"[0.9604000373840336, 0.0, 0.0, 0.0, 0.9604000373840336, 0.0, 0.0, 0.0, 6.8120994524002185]",1,1
1.57E+18,161,1574069828,871249999,base_link,0,1,40.3548282,-3.7440786,707.6465443,"[0.9604000373840336, 0.0, 0.0, 0.0, 0.9604000373840336, 0.0, 0.0, 0.0, 6.8120994524002185]",1,1
1.57E+18,162,1574069829,132171531,base_link,0,1,40.3548278,-3.7440786,707.5965439,"[0.9604000373840336, 0.0, 0.0, 0.0, 0.9604000373840336, 0.0, 0.0, 0.0, 6.8120994524002185]",1,1
1.57E+18,163,1574069829,393897646,base_link,0,1,40.3548279,-3.7440782,707.5665437,"[0.9604000373840336, 0.0, 0.0, 0.0, 0.9604000373840336, 0.0, 0.0, 0.0, 6.8120994524002185]",1,1
1.57E+18,164,1574069829,647076078,base_link,0,1,40.3548281,-3.7440768,707.5465426,"[0.9604000373840336, 0.0, 0.0, 0.0, 0.9604000373840336, 0.0, 0.0, 0.0, 6.8120994524002185]",1,1
1.57E+18,165,1574069829,906953929,base_link,0,1,40.3548283,-3.7440753,707.5165415,"[0.9604000373840336, 0.0, 0.0, 0.0, 0.9604000373840336, 0.0, 0.0, 0.0, 6.8120994524002185]",1,1
1.57E+18,166,1574069830,196111291,base_link,0,1,40.3548287,-3.744074,707.4965408,"[0.9604000373840336, 0.0, 0.0, 0.0, 0.9604000373840336, 0.0, 0.0, 0.0, 6.8120994524002185]",1,1
1.57E+18,167,1574069830,464466852,base_link,0,1,40.3548291,-3.7440734,707.4965407,"[0.9604000373840336, 0.0, 0.0, 0.0, 0.9604000373840336, 0.0, 0.0, 0.0, 6.8120994524002185]",1,1
1.57E+18,168,1574069830,729858578,base_link,0,1,40.3548298,-3.7440732,707.4965412,"[0.9604000373840336, 0.0, 0.0, 0.0, 0.9604000373840336, 0.0, 0.0, 0.0, 6.8120994524002185]",1,1
1.57E+18,169,1574069830,989736788,base_link,0,1,40.3548303,-3.7440734,707.5065418,"[0.9604000373840336, 0.0, 0.0, 0.0, 0.9604000373840336, 0.0, 0.0, 0.0, 6.8120994524002185]",1,1
1.57E+18,170,1574069831,288575787,base_link,0,1,40.3548306,-3.7440738,707.5265425,"[0.9604000373840336, 0.0, 0.0, 0.0, 0.9604000373840336, 0.0, 0.0, 0.0, 6.8120994524002185]",1,1
1.57E+18,171,1574069831,533800232,base_link,0,1,40.3548308,-3.7440741,707.5365429,"[0.9604000373840336, 0.0, 0.0, 0.0, 0.9604000373840336, 0.0, 0.0, 0.0, 6.8120994524002185]",1,1
1.57E+18,172,1574069831,819110528,base_link,0,1,40.3548309,-3.7440745,707.5465434,"[0.9604000373840336, 0.0, 0.0, 0.0, 0.9604000373840336, 0.0, 0.0, 0.0, 6.8120994524002185]",1,1
1.57E+18,173,1574069832,90608695,base_link,0,1,40.3548306,-3.7440746,707.5565432,"[0.9604000373840336, 0.0, 0.0, 0.0, 0.9604000373840336, 0.0, 0.0, 0.0, 4.284899723625188]",1,1
1.57E+18,174,1574069832,369136750,base_link,0,1,40.3548301,-3.7440745,707.5565426,"[0.9604000373840336, 0.0, 0.0, 0.0, 0.9604000373840336, 0.0, 0.0, 0.0, 4.284899723625188]",1,1
1.57E+18,175,1574069832,655268933,base_link,0,1,40.3548298,-3.7440744,707.5665422,"[0.9604000373840336, 0.0, 0.0, 0.0, 0.9604000373840336, 0.0, 0.0, 0.0, 4.284899723625188]",1,1
1.57E+18,176,1574069832,889467510,base_link,0,1,40.3548296,-3.7440739,707.5665416,"[0.9604000373840336, 0.0, 0.0, 0.0, 0.9604000373840336, 0.0, 0.0, 0.0, 4.284899723625188]",1,1
1.57E+18,177,1574069833,143957241,base_link,0,1,40.3548294,-3.7440736,707.5665411,"[0.9604000373840336, 0.0, 0.0, 0.0, 0.9604000373840336, 0.0, 0.0, 0.0, 4.284899723625188]",1,1
1.57E+18,178,1574069833,413575315,base_link,0,1,40.3548294,-3.7440737,707.5765412,"[0.9604000373840336, 0.0, 0.0, 0.0, 0.9604000373840336, 0.0, 0.0, 0.0, 4.284899723625188]",1,1
1.57E+18,179,1574069833,693308945,base_link,0,1,40.3548298,-3.7440739,707.5865418,"[0.9604000373840336, 0.0, 0.0, 0.0, 0.9604000373840336, 0.0, 0.0, 0.0, 4.284899723625188]",1,1
1.57E+18,180,1574069833,951649546,base_link,0,1,40.3548302,-3.744074,707.5765423,"[0.9604000373840336, 0.0, 0.0, 0.0, 0.9604000373840336, 0.0, 0.0, 0.0, 4.284899723625188]",1,1
1.57E+18,181,1574069834,242976477,base_link,0,1,40.3548306,-3.7440741,707.5765427,"[0.9604000373840336, 0.0, 0.0, 0.0, 0.9604000373840336, 0.0, 0.0, 0.0, 4.284899723625188]",1,1
1.57E+18,182,1574069834,515951319,base_link,0,1,40.3548308,-3.7440741,707.5765429,"[0.9604000373840336, 0.0, 0.0, 0.0, 0.9604000373840336, 0.0, 0.0, 0.0, 4.284899723625188]",1,1
1.57E+18,183,1574069834,806513466,base_link,0,1,40.354831,-3.7440741,707.5765431,"[0.9604000373840336, 0.0, 0.0, 0.0, 0.9604000373840336, 0.0, 0.0, 0.0, 4.284899723625188]",1,1
1.57E+18,184,1574069835,19066452,base_link,0,1,40.3548311,-3.7440742,707.5765433,"[0.9604000373840336, 0.0, 0.0, 0.0, 0.9604000373840336, 0.0, 0.0, 0.0, 4.284899723625188]",1,1
1.57E+18,185,1574069835,275356363,base_link,0,1,40.3548313,-3.7440743,707.5765436,"[0.9604000373840336, 0.0, 0.0, 0.0, 0.9604000373840336, 0.0, 0.0, 0.0, 4.284899723625188]",1,1
1.57E+18,186,1574069835,536297546,base_link,0,1,40.3548314,-3.7440744,707.5765438,"[0.9604000373840336, 0.0, 0.0, 0.0, 0.9604000373840336, 0.0, 0.0, 0.0, 4.284899723625188]",1,1
1.57E+18,187,1574069835,794282408,base_link,0,1,40.3548317,-3.7440749,707.5765445,"[0.9604000373840336, 0.0, 0.0, 0.0, 0.9604000373840336, 0.0, 0.0, 0.0, 4.284899723625188]",1,1
1.57E+18,188,1574069836,56635913,base_link,0,1,40.3548318,-3.7440752,707.5865448,"[0.9604000373840336, 0.0, 0.0, 0.0, 0.9604000373840336, 0.0, 0.0, 0.0, 4.284899723625188]",1,1
1.57E+18,189,1574069836,306571828,base_link,0,1,40.3548319,-3.7440752,707.5965449,"[0.9604000373840336, 0.0, 0.0, 0.0, 0.9604000373840336, 0.0, 0.0, 0.0, 4.284899723625188]",1,1
1.57E+18,190,1574069836,574947623,base_link,0,1,40.3548319,-3.7440751,707.6065448,"[0.9604000373840336, 0.0, 0.0, 0.0, 0.9604000373840336, 0.0, 0.0, 0.0, 4.284899723625188]",1,1
1.57E+18,191,1574069836,831905507,base_link,0,1,40.3548319,-3.7440751,707.6165448,"[0.9604000373840336, 0.0, 0.0, 0.0, 0.9604000373840336, 0.0, 0.0, 0.0, 4.284899723625188]",1,1
1.57E+18,192,1574069837,120338491,base_link,0,1,40.3548319,-3.7440753,707.606545,"[0.9604000373840336, 0.0, 0.0, 0.0, 0.9604000373840336, 0.0, 0.0, 0.0, 4.284899723625188]",1,1
1.57E+18,193,1574069837,408997839,base_link,0,1,40.3548318,-3.7440756,707.6065452,"[0.9604000373840336, 0.0, 0.0, 0.0, 0.9604000373840336, 0.0, 0.0, 0.0, 4.284899723625188]",1,1
1.57E+18,194,1574069837,646178303,base_link,0,1,40.3548318,-3.744076,707.6065455,"[0.9604000373840336, 0.0, 0.0, 0.0, 0.9604000373840336, 0.0, 0.0, 0.0, 4.284899723625188]",1,1
1.57E+18,195,1574069837,894889986,base_link,0,1,40.3548315,-3.7440765,707.6065457,"[0.9604000373840336, 0.0, 0.0, 0.0, 0.9604000373840336, 0.0, 0.0, 0.0, 6.8120994524002185]",1,1
1.57E+18,196,1574069838,156417813,base_link,0,1,40.3548313,-3.7440769,707.6165458,"[0.9604000373840336, 0.0, 0.0, 0.0, 0.9604000373840336, 0.0, 0.0, 0.0, 4.284899723625188]",1,1
1.57E+18,197,1574069838,410511896,base_link,0,1,40.354831,-3.7440771,707.6265457,"[0.9604000373840336, 0.0, 0.0, 0.0, 0.9604000373840336, 0.0, 0.0, 0.0, 4.284899723625188]",1,1
1.57E+18,198,1574069838,671275287,base_link,0,1,40.3548309,-3.7440773,707.6465458,"[0.9604000373840336, 0.0, 0.0, 0.0, 0.9604000373840336, 0.0, 0.0, 0.0, 4.284899723625188]",1,1
1.57E+18,199,1574069838,929129414,base_link,0,1,40.3548307,-3.7440774,707.6565457,"[0.9604000373840336, 0.0, 0.0, 0.0, 0.9604000373840336, 0.0, 0.0, 0.0, 4.284899723625188]",1,1
1.57E+18,200,1574069839,189589426,base_link,0,1,40.3548306,-3.7440778,707.6665459,"[0.9604000373840336, 0.0, 0.0, 0.0, 0.9604000373840336, 0.0, 0.0, 0.0, 4.284899723625188]",1,1
1.57E+18,201,1574069839,451369191,base_link,0,1,40.3548306,-3.7440782,707.6665463,"[0.9604000373840336, 0.0, 0.0, 0.0, 0.9604000373840336, 0.0, 0.0, 0.0, 4.284899723625188]",1,1
1.57E+18,202,1574069839,709574687,base_link,0,1,40.3548306,-3.7440786,707.6765466,"[0.9604000373840336, 0.0, 0.0, 0.0, 0.9604000373840336, 0.0, 0.0, 0.0, 4.284899723625188]",1,1
1.57E+18,203,1574069840,3441579,base_link,0,1,40.3548306,-3.7440791,707.686547,"[0.9604000373840336, 0.0, 0.0, 0.0, 0.9604000373840336, 0.0, 0.0, 0.0, 4.284899723625188]",1,1
1.57E+18,204,1574069840,295636520,base_link,0,1,40.3548307,-3.7440795,707.6965475,"[0.9604000373840336, 0.0, 0.0, 0.0, 0.9604000373840336, 0.0, 0.0, 0.0, 4.284899723625188]",1,1
1.57E+18,205,1574069840,558263583,base_link,0,1,40.3548311,-3.7440797,707.706548,"[0.9604000373840336, 0.0, 0.0, 0.0, 0.9604000373840336, 0.0, 0.0, 0.0, 4.284899723625188]",1,1
1.57E+18,206,1574069840,829653109,base_link,0,1,40.3548313,-3.7440799,707.7165484,"[0.9604000373840336, 0.0, 0.0, 0.0, 0.9604000373840336, 0.0, 0.0, 0.0, 4.284899723625188]",1,1
1.57E+18,207,1574069841,81090399,base_link,0,1,40.3548313,-3.7440799,707.7165484,"[0.9604000373840336, 0.0, 0.0, 0.0, 0.9604000373840336, 0.0, 0.0, 0.0, 4.284899723625188]",1,1
1.57E+18,208,1574069841,332663738,base_link,0,1,40.3548314,-3.7440798,707.7165484,"[0.9604000373840336, 0.0, 0.0, 0.0, 0.9604000373840336, 0.0, 0.0, 0.0, 4.284899723625188]",1,1
1.57E+18,209,1574069841,611426696,base_link,0,1,40.3548315,-3.7440798,707.7165485,"[0.9604000373840336, 0.0, 0.0, 0.0, 0.9604000373840336, 0.0, 0.0, 0.0, 4.284899723625188]",1,1
1.57E+18,210,1574069841,875967235,base_link,0,1,40.3548317,-3.7440799,707.7065488,"[0.9604000373840336, 0.0, 0.0, 0.0, 0.9604000373840336, 0.0, 0.0, 0.0, 4.284899723625188]",1,1
1.57E+18,211,1574069842,135733499,base_link,0,1,40.3548318,-3.7440806,707.6865495,"[0.9604000373840336, 0.0, 0.0, 0.0, 0.9604000373840336, 0.0, 0.0, 0.0, 4.284899723625188]",1,1
1.57E+18,212,1574069842,388159982,base_link,0,1,40.3548319,-3.7440811,707.67655,"[0.9604000373840336, 0.0, 0.0, 0.0, 0.9604000373840336, 0.0, 0.0, 0.0, 4.284899723625188]",1,1
1.57E+18,213,1574069842,684768188,base_link,0,1,40.3548321,-3.7440813,707.6565504,"[0.9604000373840336, 0.0, 0.0, 0.0, 0.9604000373840336, 0.0, 0.0, 0.0, 4.284899723625188]",1,1
1.57E+18,214,1574069842,983952403,base_link,0,1,40.3548322,-3.7440814,707.6365506,"[0.9604000373840336, 0.0, 0.0, 0.0, 0.9604000373840336, 0.0, 0.0, 0.0, 4.284899723625188]",1,1
1.57E+18,215,1574069843,226883623,base_link,0,1,40.3548321,-3.7440816,707.6165506,"[0.9604000373840336, 0.0, 0.0, 0.0, 0.9604000373840336, 0.0, 0.0, 0.0, 4.284899723625188]",1,1
1.57E+18,216,1574069843,511934908,base_link,0,1,40.3548321,-3.7440819,707.6065509,"[0.9604000373840336, 0.0, 0.0, 0.0, 0.9604000373840336, 0.0, 0.0, 0.0, 4.284899723625188]",1,1
1.57E+18,217,1574069843,792429504,base_link,0,1,40.3548319,-3.7440822,707.576551,"[0.9604000373840336, 0.0, 0.0, 0.0, 0.9604000373840336, 0.0, 0.0, 0.0, 4.284899723625188]",1,1
1.57E+18,218,1574069844,44892065,base_link,0,1,40.3548319,-3.7440824,707.5665511,"[0.9604000373840336, 0.0, 0.0, 0.0, 0.9604000373840336, 0.0, 0.0, 0.0, 4.284899723625188]",1,1
1.57E+18,219,1574069844,311425366,base_link,0,1,40.354832,-3.7440824,707.5265512,"[0.9604000373840336, 0.0, 0.0, 0.0, 0.9604000373840336, 0.0, 0.0, 0.0, 4.284899723625188]",1,1
1.57E+18,220,1574069844,629463488,base_link,0,1,40.3548321,-3.7440824,707.4865513,"[0.9604000373840336, 0.0, 0.0, 0.0, 0.9604000373840336, 0.0, 0.0, 0.0, 4.284899723625188]",1,1
1.57E+18,221,1574069844,838280016,base_link,0,1,40.3548324,-3.7440827,707.4465519,"[0.9604000373840336, 0.0, 0.0, 0.0, 0.9604000373840336, 0.0, 0.0, 0.0, 4.284899723625188]",1,1
1.57E+18,222,1574069845,92395160,base_link,0,1,40.3548327,-3.744083,707.3665524,"[0.9604000373840336, 0.0, 0.0, 0.0, 0.9604000373840336, 0.0, 0.0, 0.0, 4.284899723625188]",1,1
1.57E+18,223,1574069845,348481662,base_link,0,1,40.3548332,-3.7440832,707.2565531,"[0.9604000373840336, 0.0, 0.0, 0.0, 0.9604000373840336, 0.0, 0.0, 0.0, 4.284899723625188]",1,1
1.57E+18,224,1574069845,611582841,base_link,0,1,40.3548334,-3.7440835,707.1365535,"[0.9604000373840336, 0.0, 0.0, 0.0, 0.9604000373840336, 0.0, 0.0, 0.0, 4.284899723625188]",1,1
1.57E+18,225,1574069845,927524509,base_link,0,1,40.3548334,-3.7440834,707.0065534,"[0.9604000373840336, 0.0, 0.0, 0.0, 0.9604000373840336, 0.0, 0.0, 0.0, 4.284899723625188]",1,1
1.57E+18,226,1574069846,172162575,base_link,0,1,40.3548336,-3.7440833,706.8965535,"[0.9604000373840336, 0.0, 0.0, 0.0, 0.9604000373840336, 0.0, 0.0, 0.0, 4.284899723625188]",1,1
1.57E+18,227,1574069846,432210797,base_link,0,1,40.3548337,-3.7440835,706.8265538,"[0.9604000373840336, 0.0, 0.0, 0.0, 0.9604000373840336, 0.0, 0.0, 0.0, 4.284899723625188]",1,1
1.57E+18,228,1574069846,669525145,base_link,0,1,40.3548338,-3.7440839,706.7865543,"[0.9604000373840336, 0.0, 0.0, 0.0, 0.9604000373840336, 0.0, 0.0, 0.0, 4.284899723625188]",1,1
1.57E+18,229,1574069846,910184263,base_link,0,1,40.3548338,-3.7440841,706.7365544,"[0.9604000373840336, 0.0, 0.0, 0.0, 0.9604000373840336, 0.0, 0.0, 0.0, 4.284899723625188]",1,1
1.57E+18,230,1574069847,146716261,base_link,0,1,40.3548338,-3.7440841,706.6665544,"[0.9604000373840336, 0.0, 0.0, 0.0, 0.9604000373840336, 0.0, 0.0, 0.0, 4.284899723625188]",1,1
1.57E+18,231,1574069847,392565122,base_link,0,1,40.354834,-3.744084,706.5565545,"[0.9604000373840336, 0.0, 0.0, 0.0, 0.9604000373840336, 0.0, 0.0, 0.0, 4.284899723625188]",1,1
1.57E+18,232,1574069847,629981769,base_link,0,1,40.3548342,-3.744084,706.4365547,"[0.9604000373840336, 0.0, 0.0, 0.0, 0.9604000373840336, 0.0, 0.0, 0.0, 4.284899723625188]",1,1
1.57E+18,233,1574069847,872797929,base_link,0,1,40.3548344,-3.7440838,706.3365548,"[0.9604000373840336, 0.0, 0.0, 0.0, 0.9604000373840336, 0.0, 0.0, 0.0, 4.284899723625188]",1,1
1.57E+18,234,1574069848,109303796,base_link,0,1,40.3548345,-3.7440841,706.2365551,"[0.9604000373840336, 0.0, 0.0, 0.0, 0.9604000373840336, 0.0, 0.0, 0.0, 4.284899723625188]",1,1
1.57E+18,235,1574069848,352677069,base_link,0,1,40.3548344,-3.744084,706.1565549,"[0.9604000373840336, 0.0, 0.0, 0.0, 0.9604000373840336, 0.0, 0.0, 0.0, 4.284899723625188]",1,1
1.57E+18,236,1574069848,591597590,base_link,0,1,40.3548347,-3.7440835,706.0865548,"[0.9604000373840336, 0.0, 0.0, 0.0, 0.9604000373840336, 0.0, 0.0, 0.0, 4.284899723625188]",1,1
1.57E+18,237,1574069848,829646019,base_link,0,1,40.3548356,-3.7440828,706.046555,"[0.9604000373840336, 0.0, 0.0, 0.0, 0.9604000373840336, 0.0, 0.0, 0.0, 4.284899723625188]",1,1
1.57E+18,238,1574069849,72288505,base_link,0,1,40.3548367,-3.7440817,706.0365552,"[0.9604000373840336, 0.0, 0.0, 0.0, 0.9604000373840336, 0.0, 0.0, 0.0, 4.284899723625188]",1,1
1.57E+18,239,1574069849,310093451,base_link,0,1,40.354838,-3.7440807,706.0465556,"[0.9604000373840336, 0.0, 0.0, 0.0, 0.9604000373840336, 0.0, 0.0, 0.0, 4.284899723625188]",1,1
1.57E+18,240,1574069849,551774748,base_link,0,1,40.3548393,-3.7440798,706.066556,"[0.9604000373840336, 0.0, 0.0, 0.0, 0.9604000373840336, 0.0, 0.0, 0.0, 4.284899723625188]",1,1
1.57E+18,241,1574069849,791119146,base_link,0,1,40.3548399,-3.7440791,706.096556,"[0.9604000373840336, 0.0, 0.0, 0.0, 0.9604000373840336, 0.0, 0.0, 0.0, 4.284899723625188]",1,1
1.57E+18,242,1574069850,27682196,base_link,0,1,40.3548402,-3.7440782,706.1265555,"[0.9604000373840336, 0.0, 0.0, 0.0, 0.9604000373840336, 0.0, 0.0, 0.0, 4.284899723625188]",1,1
1.57E+18,243,1574069850,266559114,base_link,0,1,40.3548399,-3.7440772,706.1465544,"[0.9604000373840336, 0.0, 0.0, 0.0, 0.9604000373840336, 0.0, 0.0, 0.0, 4.284899723625188]",1,1
1.57E+18,244,1574069850,512004722,base_link,0,1,40.3548399,-3.7440763,706.1765536,"[0.9604000373840336, 0.0, 0.0, 0.0, 0.9604000373840336, 0.0, 0.0, 0.0, 4.284899723625188]",1,1
1.57E+18,245,1574069850,749732222,base_link,0,1,40.3548399,-3.7440754,706.2065528,"[0.9604000373840336, 0.0, 0.0, 0.0, 0.9604000373840336, 0.0, 0.0, 0.0, 4.284899723625188]",1,1
1.57E+18,246,1574069850,989959846,base_link,0,1,40.3548402,-3.7440747,706.2365525,"[0.9604000373840336, 0.0, 0.0, 0.0, 0.9604000373840336, 0.0, 0.0, 0.0, 4.284899723625188]",1,1
1.57E+18,247,1574069851,231065465,base_link,0,1,40.3548406,-3.7440743,706.2565526,"[0.9604000373840336, 0.0, 0.0, 0.0, 0.9604000373840336, 0.0, 0.0, 0.0, 4.284899723625188]",1,1
1.57E+18,248,1574069851,469259890,base_link,0,1,40.3548409,-3.7440739,706.2865525,"[0.9604000373840336, 0.0, 0.0, 0.0, 0.9604000373840336, 0.0, 0.0, 0.0, 4.284899723625188]",1,1
1.57E+18,249,1574069851,709866245,base_link,0,1,40.354841,-3.7440735,706.3165523,"[0.9604000373840336, 0.0, 0.0, 0.0, 0.9604000373840336, 0.0, 0.0, 0.0, 4.284899723625188]",1,1
1.57E+18,250,1574069851,946533247,base_link,0,1,40.3548411,-3.7440731,706.336552,"[0.9604000373840336, 0.0, 0.0, 0.0, 0.9604000373840336, 0.0, 0.0, 0.0, 4.284899723625188]",1,1
1.57E+18,251,1574069852,192084462,base_link,0,1,40.3548412,-3.7440727,706.3565518,"[0.9604000373840336, 0.0, 0.0, 0.0, 0.9604000373840336, 0.0, 0.0, 0.0, 4.284899723625188]",1,1
1.57E+18,252,1574069852,429709025,base_link,0,1,40.3548414,-3.744072,706.3865513,"[0.9604000373840336, 0.0, 0.0, 0.0, 0.9604000373840336, 0.0, 0.0, 0.0, 4.284899723625188]",1,1
1.57E+18,253,1574069852,665843178,base_link,0,1,40.3548415,-3.7440716,706.4065511,"[0.9604000373840336, 0.0, 0.0, 0.0, 0.9604000373840336, 0.0, 0.0, 0.0, 4.284899723625188]",1,1
1.57E+18,254,1574069852,911280295,base_link,0,1,40.3548415,-3.7440711,706.4165507,"[0.9801000188827516, 0.0, 0.0, 0.0, 0.9801000188827516, 0.0, 0.0, 0.0, 6.8120994524002185]",1,1
1.57E+18,255,1574069853,149586047,base_link,0,1,40.3548416,-3.7440707,706.4265504,"[0.9801000188827516, 0.0, 0.0, 0.0, 0.9801000188827516, 0.0, 0.0, 0.0, 6.8120994524002185]",1,1
1.57E+18,256,1574069853,389558271,base_link,0,1,40.3548418,-3.7440706,706.4365505,"[0.9801000188827516, 0.0, 0.0, 0.0, 0.9801000188827516, 0.0, 0.0, 0.0, 6.8120994524002185]",1,1
1.57E+18,257,1574069853,631557197,base_link,0,1,40.354842,-3.7440704,706.4565505,"[0.9801000188827516, 0.0, 0.0, 0.0, 0.9801000188827516, 0.0, 0.0, 0.0, 6.8120994524002185]",1,1
1.57E+18,258,1574069853,870129271,base_link,0,1,40.3548424,-3.7440702,706.4665508,"[0.9801000188827516, 0.0, 0.0, 0.0, 0.9801000188827516, 0.0, 0.0, 0.0, 6.8120994524002185]",1,1
1.57E+18,259,1574069854,109728059,base_link,0,1,40.3548427,-3.7440702,706.4665511,"[0.9801000188827516, 0.0, 0.0, 0.0, 0.9801000188827516, 0.0, 0.0, 0.0, 6.8120994524002185]",1,1
1.57E+18,260,1574069854,352655004,base_link,0,1,40.3548428,-3.7440703,706.4765512,"[0.9801000188827516, 0.0, 0.0, 0.0, 0.9801000188827516, 0.0, 0.0, 0.0, 6.8120994524002185]",1,1
1.57E+18,261,1574069854,591224791,base_link,0,1,40.3548428,-3.7440704,706.4865513,"[0.9801000188827516, 0.0, 0.0, 0.0, 0.9801000188827516, 0.0, 0.0, 0.0, 6.8120994524002185]",1,1
1.57E+18,262,1574069854,831493342,base_link,0,1,40.3548429,-3.7440705,706.4865515,"[0.9801000188827516, 0.0, 0.0, 0.0, 0.9801000188827516, 0.0, 0.0, 0.0, 6.8120994524002185]",1,1
1.57E+18,263,1574069855,69377870,base_link,0,1,40.3548432,-3.7440705,706.4865518,"[0.9801000188827516, 0.0, 0.0, 0.0, 0.9801000188827516, 0.0, 0.0, 0.0, 6.8120994524002185]",1,1
1.57E+18,264,1574069855,310366143,base_link,0,1,40.3548433,-3.7440707,706.4865521,"[0.9801000188827516, 0.0, 0.0, 0.0, 0.9801000188827516, 0.0, 0.0, 0.0, 6.8120994524002185]",1,1
1.57E+18,265,1574069855,549688034,base_link,0,1,40.3548434,-3.7440708,706.4865522,"[0.9801000188827516, 0.0, 0.0, 0.0, 0.9801000188827516, 0.0, 0.0, 0.0, 6.8120994524002185]",1,1
1.57E+18,266,1574069855,792085943,base_link,0,1,40.3548433,-3.7440708,706.4765521,"[0.9801000188827516, 0.0, 0.0, 0.0, 0.9801000188827516, 0.0, 0.0, 0.0, 6.8120994524002185]",1,1
1.57E+18,267,1574069856,29857871,base_link,0,1,40.3548432,-3.7440705,706.4765518,"[0.9801000188827516, 0.0, 0.0, 0.0, 0.9801000188827516, 0.0, 0.0, 0.0, 6.8120994524002185]",1,1
1.57E+18,268,1574069856,270555408,base_link,0,1,40.354843,-3.7440702,706.4565513,"[0.9801000188827516, 0.0, 0.0, 0.0, 0.9801000188827516, 0.0, 0.0, 0.0, 6.8120994524002185]",1,1
1.57E+18,269,1574069856,509250532,base_link,0,1,40.3548427,-3.74407,706.4465509,"[0.9801000188827516, 0.0, 0.0, 0.0, 0.9801000188827516, 0.0, 0.0, 0.0, 6.8120994524002185]",1,1
1.57E+18,270,1574069856,749573710,base_link,0,1,40.3548424,-3.7440701,706.4365507,"[0.9801000188827516, 0.0, 0.0, 0.0, 0.9801000188827516, 0.0, 0.0, 0.0, 6.8120994524002185]",1,1
1.57E+18,271,1574069856,991735475,base_link,0,1,40.3548421,-3.7440702,706.4165505,"[0.9801000188827516, 0.0, 0.0, 0.0, 0.9801000188827516, 0.0, 0.0, 0.0, 6.8120994524002185]",1,1
1.57E+18,272,1574069857,226725709,base_link,0,1,40.354842,-3.7440701,706.3965503,"[0.9801000188827516, 0.0, 0.0, 0.0, 0.9801000188827516, 0.0, 0.0, 0.0, 6.8120994524002185]",1,1
1.57E+18,273,1574069857,469796764,base_link,0,1,40.3548422,-3.74407,706.3865504,"[0.9801000188827516, 0.0, 0.0, 0.0, 0.9801000188827516, 0.0, 0.0, 0.0, 6.8120994524002185]",1,1
1.57E+18,274,1574069857,712244857,base_link,0,1,40.3548424,-3.7440701,706.3765507,"[0.9801000188827516, 0.0, 0.0, 0.0, 0.9801000188827516, 0.0, 0.0, 0.0, 6.8120994524002185]",1,1
1.57E+18,275,1574069857,948832692,base_link,0,1,40.3548426,-3.7440701,706.3665509,"[0.9801000188827516, 0.0, 0.0, 0.0, 0.9801000188827516, 0.0, 0.0, 0.0, 6.8120994524002185]",1,1
1.57E+18,276,1574069858,189567009,base_link,0,1,40.3548428,-3.74407,706.366551,"[0.9801000188827516, 0.0, 0.0, 0.0, 0.9801000188827516, 0.0, 0.0, 0.0, 6.8120994524002185]",1,1
1.57E+18,277,1574069858,429175508,base_link,0,1,40.3548429,-3.7440698,706.3565509,"[0.9801000188827516, 0.0, 0.0, 0.0, 0.9801000188827516, 0.0, 0.0, 0.0, 6.8120994524002185]",1,1
1.57E+18,278,1574069858,671738635,base_link,0,1,40.354843,-3.7440697,706.3465509,"[0.9801000188827516, 0.0, 0.0, 0.0, 0.9801000188827516, 0.0, 0.0, 0.0, 6.8120994524002185]",1,1
1.57E+18,279,1574069858,911481350,base_link,0,1,40.3548431,-3.7440697,706.346551,"[0.9604000373840336, 0.0, 0.0, 0.0, 0.9604000373840336, 0.0, 0.0, 0.0, 4.284899723625188]",1,1
1.57E+18,280,1574069859,151248061,base_link,0,1,40.3548431,-3.7440695,706.3365508,"[0.9604000373840336, 0.0, 0.0, 0.0, 0.9604000373840336, 0.0, 0.0, 0.0, 4.284899723625188]",1,1
1.57E+18,281,1574069859,388770980,base_link,0,1,40.3548427,-3.7440693,706.3265503,"[0.9604000373840336, 0.0, 0.0, 0.0, 0.9604000373840336, 0.0, 0.0, 0.0, 4.284899723625188]",1,1
1.57E+18,282,1574069859,630590139,base_link,0,1,40.3548424,-3.7440692,706.3165499,"[0.9604000373840336, 0.0, 0.0, 0.0, 0.9604000373840336, 0.0, 0.0, 0.0, 4.284899723625188]",1,1
1.57E+18,283,1574069859,870908514,base_link,0,1,40.3548422,-3.744069,706.3165495,"[0.9604000373840336, 0.0, 0.0, 0.0, 0.9604000373840336, 0.0, 0.0, 0.0, 4.284899723625188]",1,1
1.57E+18,284,1574069860,109611912,base_link,0,1,40.3548418,-3.744069,706.3065491,"[0.9604000373840336, 0.0, 0.0, 0.0, 0.9604000373840336, 0.0, 0.0, 0.0, 4.284899723625188]",1,1
1.57E+18,285,1574069860,352649479,base_link,0,1,40.3548414,-3.744069,706.2965488,"[0.9604000373840336, 0.0, 0.0, 0.0, 0.9604000373840336, 0.0, 0.0, 0.0, 4.284899723625188]",1,1
1.57E+18,286,1574069860,591964735,base_link,0,1,40.3548412,-3.7440689,706.2965485,"[0.9604000373840336, 0.0, 0.0, 0.0, 0.9604000373840336, 0.0, 0.0, 0.0, 4.284899723625188]",1,1
1.57E+18,287,1574069860,830484912,base_link,0,1,40.3548412,-3.7440688,706.2965484,"[0.9604000373840336, 0.0, 0.0, 0.0, 0.9604000373840336, 0.0, 0.0, 0.0, 4.284899723625188]",1,1
1.57E+18,288,1574069861,63975557,base_link,0,1,40.3548412,-3.7440685,706.2865481,"[0.9604000373840336, 0.0, 0.0, 0.0, 0.9604000373840336, 0.0, 0.0, 0.0, 4.284899723625188]",1,1
1.57E+18,289,1574069861,310784947,base_link,0,1,40.3548412,-3.7440685,706.2865481,"[0.9604000373840336, 0.0, 0.0, 0.0, 0.9604000373840336, 0.0, 0.0, 0.0, 4.284899723625188]",1,1
1.57E+18,290,1574069861,548998605,base_link,0,1,40.3548414,-3.7440684,706.2965482,"[0.9604000373840336, 0.0, 0.0, 0.0, 0.9604000373840336, 0.0, 0.0, 0.0, 4.284899723625188]",1,1
1.57E+18,291,1574069861,789022586,base_link,0,1,40.3548415,-3.7440682,706.3065482,"[0.9801000188827516, 0.0, 0.0, 0.0, 0.9801000188827516, 0.0, 0.0, 0.0, 6.8120994524002185]",1,1
1.57E+18,292,1574069862,29601876,base_link,0,1,40.3548415,-3.7440681,706.3165481,"[0.9604000373840336, 0.0, 0.0, 0.0, 0.9604000373840336, 0.0, 0.0, 0.0, 4.284899723625188]",1,1
1.57E+18,293,1574069862,271423106,base_link,0,1,40.3548416,-3.744068,706.3165481,"[0.9604000373840336, 0.0, 0.0, 0.0, 0.9604000373840336, 0.0, 0.0, 0.0, 4.284899723625188]",1,1
1.57E+18,294,1574069862,511458503,base_link,0,1,40.3548418,-3.7440681,706.3265484,"[0.9604000373840336, 0.0, 0.0, 0.0, 0.9604000373840336, 0.0, 0.0, 0.0, 4.284899723625188]",1,1
1.57E+18,295,1574069862,745283160,base_link,0,1,40.3548421,-3.7440682,706.3365487,"[0.9604000373840336, 0.0, 0.0, 0.0, 0.9604000373840336, 0.0, 0.0, 0.0, 4.284899723625188]",1,1
1.57E+18,296,1574069862,989253067,base_link,0,1,40.3548424,-3.7440682,706.336549,"[0.9604000373840336, 0.0, 0.0, 0.0, 0.9604000373840336, 0.0, 0.0, 0.0, 4.284899723625188]",1,1
1.57E+18,297,1574069863,229059933,base_link,0,1,40.3548427,-3.7440682,706.3465493,"[0.9604000373840336, 0.0, 0.0, 0.0, 0.9604000373840336, 0.0, 0.0, 0.0, 4.284899723625188]",1,1
1.57E+18,298,1574069863,471489455,base_link,0,1,40.3548429,-3.7440681,706.3565494,"[0.9604000373840336, 0.0, 0.0, 0.0, 0.9604000373840336, 0.0, 0.0, 0.0, 4.284899723625188]",1,1
1.57E+18,299,1574069863,711281527,base_link,0,1,40.3548431,-3.7440682,706.3765497,"[0.9604000373840336, 0.0, 0.0, 0.0, 0.9604000373840336, 0.0, 0.0, 0.0, 4.284899723625188]",1,1
1.57E+18,300,1574069863,952169305,base_link,0,1,40.3548433,-3.7440683,706.38655,"[0.9604000373840336, 0.0, 0.0, 0.0, 0.9604000373840336, 0.0, 0.0, 0.0, 4.284899723625188]",1,1
1.57E+18,301,1574069864,190456708,base_link,0,1,40.3548433,-3.7440683,706.39655,"[0.9604000373840336, 0.0, 0.0, 0.0, 0.9604000373840336, 0.0, 0.0, 0.0, 4.284899723625188]",1,1
1.57E+18,302,1574069864,428435694,base_link,0,1,40.3548431,-3.7440684,706.4165499,"[0.9604000373840336, 0.0, 0.0, 0.0, 0.9604000373840336, 0.0, 0.0, 0.0, 4.284899723625188]",1,1
1.57E+18,303,1574069864,674482474,base_link,0,1,40.354843,-3.7440685,706.4365499,"[0.9604000373840336, 0.0, 0.0, 0.0, 0.9604000373840336, 0.0, 0.0, 0.0, 4.284899723625188]",1,1
1.57E+18,304,1574069864,910886693,base_link,0,1,40.354843,-3.7440684,706.4465498,"[0.9604000373840336, 0.0, 0.0, 0.0, 0.9604000373840336, 0.0, 0.0, 0.0, 4.284899723625188]",1,1
1.57E+18,523,1574068125,87328195,base_link,0,1,40.3548408,-3.7441623,719.1166286,"[0.7396000246047976, 0.0, 0.0, 0.0, 0.7396000246047976, 0.0, 0.0, 0.0, 1.664099901580812]",1,0
1.57E+18,524,1574068125,342045884,base_link,0,1,40.3548408,-3.7441628,718.536629,"[0.7396000246047976, 0.0, 0.0, 0.0, 0.7396000246047976, 0.0, 0.0, 0.0, 1.664099901580812]",1,0
1.57E+18,525,1574068125,627857672,base_link,0,1,40.3548406,-3.7441637,718.2266296,"[0.7396000246047976, 0.0, 0.0, 0.0, 0.7396000246047976, 0.0, 0.0, 0.0, 1.664099901580812]",1,0
1.57E+18,526,1574068125,904191041,base_link,0,1,40.3548406,-3.7441654,717.936631,"[0.7396000246047976, 0.0, 0.0, 0.0, 0.7396000246047976, 0.0, 0.0, 0.0, 1.664099901580812]",1,0
1.57E+18,527,1574068126,164593719,base_link,0,1,40.3548403,-3.7441671,717.7466322,"[0.7396000246047976, 0.0, 0.0, 0.0, 0.7396000246047976, 0.0, 0.0, 0.0, 1.664099901580812]",1,0
1.57E+18,528,1574068126,433440931,base_link,0,1,40.3548397,-3.7441685,717.5766328,"[0.7396000246047976, 0.0, 0.0, 0.0, 0.7396000246047976, 0.0, 0.0, 0.0, 1.664099901580812]",1,0
1.57E+18,529,1574068126,733687948,base_link,0,1,40.3548394,-3.7441694,717.4466333,"[0.7396000246047976, 0.0, 0.0, 0.0, 0.7396000246047976, 0.0, 0.0, 0.0, 1.664099901580812]",1,0
1.57E+18,530,1574068127,13981833,base_link,0,1,40.354839,-3.74417,717.3366335,"[0.7396000246047976, 0.0, 0.0, 0.0, 0.7396000246047976, 0.0, 0.0, 0.0, 1.664099901580812]",1,0
1.57E+18,531,1574068127,260901574,base_link,0,1,40.3548385,-3.7441704,717.2466333,"[0.7396000246047976, 0.0, 0.0, 0.0, 0.7396000246047976, 0.0, 0.0, 0.0, 1.664099901580812]",1,0
1.57E+18,532,1574068127,550439943,base_link,0,1,40.3548381,-3.7441706,717.1866331,"[0.7396000246047976, 0.0, 0.0, 0.0, 0.7396000246047976, 0.0, 0.0, 0.0, 1.664099901580812]",1,0
1.57E+18,533,1574068127,804130317,base_link,0,1,40.3548379,-3.7441708,717.1466331,"[0.7396000246047976, 0.0, 0.0, 0.0, 0.7396000246047976, 0.0, 0.0, 0.0, 1.664099901580812]",1,0
1.57E+18,534,1574068128,85396576,base_link,0,1,40.3548374,-3.7441708,717.1166326,"[0.7396000246047976, 0.0, 0.0, 0.0, 0.7396000246047976, 0.0, 0.0, 0.0, 1.664099901580812]",1,0
1.57E+18,535,1574068128,341503300,base_link,0,1,40.3548369,-3.7441709,717.0966322,"[0.7396000246047976, 0.0, 0.0, 0.0, 0.7396000246047976, 0.0, 0.0, 0.0, 1.664099901580812]",1,0
1.57E+18,536,1574068128,607703296,base_link,0,1,40.3548367,-3.7441711,717.0866322,"[0.7396000246047976, 0.0, 0.0, 0.0, 0.7396000246047976, 0.0, 0.0, 0.0, 1.664099901580812]",1,0
1.57E+18,537,1574068128,924278968,base_link,0,1,40.3548367,-3.7441711,717.0866322,"[0.7396000246047976, 0.0, 0.0, 0.0, 0.7396000246047976, 0.0, 0.0, 0.0, 1.664099901580812]",1,0
1.57E+18,538,1574068129,162601076,base_link,0,1,40.3548366,-3.7441711,717.0966321,"[0.7396000246047976, 0.0, 0.0, 0.0, 0.7396000246047976, 0.0, 0.0, 0.0, 1.664099901580812]",1,0
1.57E+18,539,1574068129,419967943,base_link,0,1,40.3548365,-3.744171,717.1266319,"[0.7396000246047976, 0.0, 0.0, 0.0, 0.7396000246047976, 0.0, 0.0, 0.0, 1.664099901580812]",1,0
1.57E+18,540,1574068129,719221662,base_link,0,1,40.3548365,-3.7441709,717.1666318,"[0.7396000246047976, 0.0, 0.0, 0.0, 0.7396000246047976, 0.0, 0.0, 0.0, 1.664099901580812]",1,0
1.57E+18,541,1574068129,967910420,base_link,0,1,40.3548368,-3.7441709,717.2166321,"[0.7396000246047976, 0.0, 0.0, 0.0, 0.7396000246047976, 0.0, 0.0, 0.0, 1.664099901580812]",1,0
1.57E+18,542,1574068130,220372188,base_link,0,1,40.3548372,-3.7441712,717.2666328,"[0.7396000246047976, 0.0, 0.0, 0.0, 0.7396000246047976, 0.0, 0.0, 0.0, 1.664099901580812]",1,0
1.57E+18,543,1574068130,482198168,base_link,0,1,40.3548383,-3.7441717,717.2966342,"[0.7396000246047976, 0.0, 0.0, 0.0, 0.7396000246047976, 0.0, 0.0, 0.0, 1.664099901580812]",1,0
1.57E+18,544,1574068130,740487198,base_link,0,1,40.3548404,-3.7441718,717.2966364,"[0.7396000246047976, 0.0, 0.0, 0.0, 0.7396000246047976, 0.0, 0.0, 0.0, 1.664099901580812]",1,0
1.57E+18,545,1574068131,2152302,base_link,0,1,40.3548435,-3.7441703,717.2566381,"[0.7396000246047976, 0.0, 0.0, 0.0, 0.7396000246047976, 0.0, 0.0, 0.0, 1.664099901580812]",1,0
1.57E+18,546,1574068131,261423143,base_link,0,1,40.3548469,-3.7441689,716.8666401,"[0.7396000246047976, 0.0, 0.0, 0.0, 0.7396000246047976, 0.0, 0.0, 0.0, 1.664099901580812]",1,0
1.57E+18,547,1574068131,554641241,base_link,0,1,40.3548483,-3.7441705,716.2166429,"[0.7396000246047976, 0.0, 0.0, 0.0, 0.7396000246047976, 0.0, 0.0, 0.0, 1.664099901580812]",1,0
1.57E+18,548,1574068131,829615206,base_link,0,1,40.3548479,-3.7441732,715.4366448,"[0.7396000246047976, 0.0, 0.0, 0.0, 0.7396000246047976, 0.0, 0.0, 0.0, 1.664099901580812]",1,0
1.57E+18,549,1574068132,78843279,base_link,0,1,40.3548472,-3.7441753,714.5166459,"[0.7396000246047976, 0.0, 0.0, 0.0, 0.7396000246047976, 0.0, 0.0, 0.0, 1.664099901580812]",1,0
1.57E+18,550,1574068132,346554968,base_link,0,1,40.3548464,-3.7441768,713.4266465,"[0.7396000246047976, 0.0, 0.0, 0.0, 0.7396000246047976, 0.0, 0.0, 0.0, 1.664099901580812]",1,0
1.57E+18,551,1574068132,634403596,base_link,0,1,40.3548455,-3.7441788,711.8566473,"[0.7396000246047976, 0.0, 0.0, 0.0, 0.7396000246047976, 0.0, 0.0, 0.0, 1.664099901580812]",1,0
1.57E+18,552,1574068132,893882571,base_link,0,1,40.3548447,-3.7441813,710.3466487,"[0.7396000246047976, 0.0, 0.0, 0.0, 0.7396000246047976, 0.0, 0.0, 0.0, 1.664099901580812]",1,0
1.57E+18,553,1574068133,154574472,base_link,0,1,40.3548441,-3.7441844,708.7166508,"[0.7396000246047976, 0.0, 0.0, 0.0, 0.7396000246047976, 0.0, 0.0, 0.0, 1.664099901580812]",1,0
1.57E+18,554,1574068133,429608702,base_link,0,1,40.3548516,-3.7441684,710.4566442,"[0.7396000246047976, 0.0, 0.0, 0.0, 0.7396000246047976, 0.0, 0.0, 0.0, 1.664099901580812]",1,0
1.57E+18,555,1574068133,705506635,base_link,0,1,40.3548515,-3.7441716,709.2666469,"[0.7396000246047976, 0.0, 0.0, 0.0, 0.7396000246047976, 0.0, 0.0, 0.0, 1.664099901580812]",1,0
1.57E+18,556,1574068133,968670790,base_link,0,1,40.3548517,-3.7441742,708.1966493,"[0.7396000246047976, 0.0, 0.0, 0.0, 0.7396000246047976, 0.0, 0.0, 0.0, 1.664099901580812]",1,0
1.57E+18,557,1574068134,240021030,base_link,0,1,40.354852,-3.7441771,707.2266521,"[0.7396000246047976, 0.0, 0.0, 0.0, 0.7396000246047976, 0.0, 0.0, 0.0, 1.664099901580812]",1,0
1.57E+18,558,1574068134,489223075,base_link,0,1,40.3548528,-3.7441807,706.156656,"[0.7396000246047976, 0.0, 0.0, 0.0, 0.7396000246047976, 0.0, 0.0, 0.0, 1.664099901580812]",1,0
1.57E+18,559,1574068134,739140094,base_link,0,1,40.3548528,-3.7441844,705.1666592,"[0.7396000246047976, 0.0, 0.0, 0.0, 0.7396000246047976, 0.0, 0.0, 0.0, 1.664099901580812]",1,0
