rosbagTimestamp,seq,secs,nsecs,frame_id,service,latitude,longitude,altitude,position_covariance,position_covariance_type,normality
1.57407E+18,52,1574069785,621424087,base_link,1,40.3548507,-3.7441322,694.5166122,"[0.722500040531159, 0.0, 0.0, 0.0, 0.722500040531159, 0.0, 0.0, 0.0, 2.016399878120424]",1,1
1.57407E+18,53,1574069785,858138123,base_link,1,40.3548502,-3.7441325,694.496612,"[0.722500040531159, 0.0, 0.0, 0.0, 0.722500040531159, 0.0, 0.0, 0.0, 2.016399878120424]",1,1
1.57407E+18,54,1574069786,110338604,base_link,1,40.3548495,-3.7441328,694.6866115,"[0.722500040531159, 0.0, 0.0, 0.0, 0.722500040531159, 0.0, 0.0, 0.0, 2.016399878120424]",1,1
1.57407E+18,55,1574069786,356408699,base_link,1,40.3548485,-3.744133,694.5966107,"[0.722500040531159, 0.0, 0.0, 0.0, 0.722500040531159, 0.0, 0.0, 0.0, 2.016399878120424]",1,1
1.57407E+18,56,1574069786,578747487,base_link,1,40.3548486,-3.7441328,694.6766107,"[0.722500040531159, 0.0, 0.0, 0.0, 0.722500040531159, 0.0, 0.0, 0.0, 2.016399878120424]",1,1
1.57407E+18,57,1574069786,823320336,base_link,1,40.3548486,-3.7441326,694.6466105,"[0.722500040531159, 0.0, 0.0, 0.0, 0.722500040531159, 0.0, 0.0, 0.0, 2.016399878120424]",1,1
1.57407E+18,58,1574069787,69432241,base_link,1,40.3548487,-3.7441323,694.5766103,"[0.9604000373840336, 0.0, 0.0, 0.0, 0.9604000373840336, 0.0, 0.0, 0.0, 4.326399682617193]",1,1
1.57407E+18,59,1574069787,307332828,base_link,1,40.3548488,-3.7441319,694.4066101,"[0.9604000373840336, 0.0, 0.0, 0.0, 0.9604000373840336, 0.0, 0.0, 0.0, 4.326399682617193]",1,1
1.57407E+18,60,1574069787,558266943,base_link,1,40.3548473,-3.744131,693.9866079,"[0.9604000373840336, 0.0, 0.0, 0.0, 0.9604000373840336, 0.0, 0.0, 0.0, 4.326399682617193]",1,1
1.57407E+18,61,1574069787,789849606,base_link,1,40.3548466,-3.7441307,693.9766069,"[0.9604000373840336, 0.0, 0.0, 0.0, 0.9604000373840336, 0.0, 0.0, 0.0, 4.326399682617193]",1,1
1.57407E+18,62,1574069788,20399237,base_link,1,40.3548465,-3.7441305,694.0066067,"[0.9604000373840336, 0.0, 0.0, 0.0, 0.9604000373840336, 0.0, 0.0, 0.0, 4.326399682617193]",1,1
1.57407E+18,63,1574069788,273345510,base_link,1,40.3548468,-3.7441302,694.0166067,"[0.9604000373840336, 0.0, 0.0, 0.0, 0.9604000373840336, 0.0, 0.0, 0.0, 4.326399682617193]",1,1
1.57407E+18,64,1574069788,510716422,base_link,1,40.3548472,-3.74413,693.9566069,"[0.9604000373840336, 0.0, 0.0, 0.0, 0.9604000373840336, 0.0, 0.0, 0.0, 4.326399682617193]",1,1
1.57407E+18,65,1574069788,751078018,base_link,1,40.354847,-3.7441297,693.8166065,"[0.9604000373840336, 0.0, 0.0, 0.0, 0.9604000373840336, 0.0, 0.0, 0.0, 4.326399682617193]",1,1
1.57407E+18,66,1574069788,980164701,base_link,1,40.3548468,-3.7441295,693.7166061,"[0.9604000373840336, 0.0, 0.0, 0.0, 0.9604000373840336, 0.0, 0.0, 0.0, 4.326399682617193]",1,1
1.57407E+18,67,1574069789,230312778,base_link,1,40.3548465,-3.7441291,693.7466055,"[0.9604000373840336, 0.0, 0.0, 0.0, 0.9604000373840336, 0.0, 0.0, 0.0, 4.326399682617193]",1,1
1.57407E+18,68,1574069789,453622044,base_link,1,40.3548459,-3.7441287,693.7266045,"[0.9604000373840336, 0.0, 0.0, 0.0, 0.9604000373840336, 0.0, 0.0, 0.0, 4.326399682617193]",1,1
1.57407E+18,69,1574069789,710793873,base_link,1,40.354845,-3.7441285,693.9666035,"[0.722500040531159, 0.0, 0.0, 0.0, 0.722500040531159, 0.0, 0.0, 0.0, 2.016399878120424]",1,1
1.57407E+18,70,1574069789,946947889,base_link,1,40.3548448,-3.7441284,693.9966032,"[0.9604000373840336, 0.0, 0.0, 0.0, 0.9604000373840336, 0.0, 0.0, 0.0, 4.326399682617193]",1,1
1.57407E+18,71,1574069790,191822429,base_link,1,40.3548439,-3.7441285,694.0466024,"[0.722500040531159, 0.0, 0.0, 0.0, 0.722500040531159, 0.0, 0.0, 0.0, 2.016399878120424]",1,1
1.57407E+18,72,1574069790,440941888,base_link,1,40.3548436,-3.7441284,693.9466021,"[0.722500040531159, 0.0, 0.0, 0.0, 0.722500040531159, 0.0, 0.0, 0.0, 2.016399878120424]",1,1
1.57407E+18,73,1574069790,669575875,base_link,1,40.3548435,-3.7441281,693.8166017,"[0.722500040531159, 0.0, 0.0, 0.0, 0.722500040531159, 0.0, 0.0, 0.0, 2.016399878120424]",1,1
1.57407E+18,74,1574069790,902019425,base_link,1,40.3548434,-3.744128,693.7066015,"[0.9604000373840336, 0.0, 0.0, 0.0, 0.9604000373840336, 0.0, 0.0, 0.0, 4.326399682617193]",1,1
1.57407E+18,75,1574069791,150006812,base_link,1,40.3548434,-3.7441277,693.8166013,"[0.9604000373840336, 0.0, 0.0, 0.0, 0.9604000373840336, 0.0, 0.0, 0.0, 4.326399682617193]",1,1
1.57407E+18,76,1574069791,387164532,base_link,1,40.354843,-3.7441273,693.8666005,"[0.9604000373840336, 0.0, 0.0, 0.0, 0.9604000373840336, 0.0, 0.0, 0.0, 4.326399682617193]",1,1
1.57407E+18,77,1574069791,615848739,base_link,1,40.3548424,-3.744127,693.8165997,"[0.9604000373840336, 0.0, 0.0, 0.0, 0.9604000373840336, 0.0, 0.0, 0.0, 4.326399682617193]",1,1
1.57407E+18,78,1574069791,869793048,base_link,1,40.3548421,-3.7441268,693.7565992,"[0.9604000373840336, 0.0, 0.0, 0.0, 0.9604000373840336, 0.0, 0.0, 0.0, 4.326399682617193]",1,1
1.57407E+18,79,1574069792,105630372,base_link,1,40.3548414,-3.7441265,693.6765983,"[0.9604000373840336, 0.0, 0.0, 0.0, 0.9604000373840336, 0.0, 0.0, 0.0, 4.326399682617193]",1,1
1.57407E+18,80,1574069792,353413888,base_link,1,40.3548406,-3.744126,693.6965971,"[0.9604000373840336, 0.0, 0.0, 0.0, 0.9604000373840336, 0.0, 0.0, 0.0, 4.326399682617193]",1,1
1.57407E+18,81,1574069792,581239066,base_link,1,40.3548401,-3.7441257,693.7765963,"[0.9604000373840336, 0.0, 0.0, 0.0, 0.9604000373840336, 0.0, 0.0, 0.0, 4.326399682617193]",1,1
1.57407E+18,82,1574069792,830998468,base_link,1,40.3548397,-3.7441255,693.7665958,"[0.9604000373840336, 0.0, 0.0, 0.0, 0.9604000373840336, 0.0, 0.0, 0.0, 6.8120994524002185]",1,1
1.57407E+18,83,1574069793,80083461,base_link,1,40.3548392,-3.7441254,693.7065952,"[0.9604000373840336, 0.0, 0.0, 0.0, 0.9604000373840336, 0.0, 0.0, 0.0, 4.326399682617193]",1,1
1.57407E+18,84,1574069793,304530958,base_link,1,40.354839,-3.7441251,693.7165948,"[0.9604000373840336, 0.0, 0.0, 0.0, 0.9604000373840336, 0.0, 0.0, 0.0, 4.326399682617193]",1,1
1.57407E+18,85,1574069793,549354438,base_link,1,40.3548386,-3.7441242,693.6665936,"[0.9604000373840336, 0.0, 0.0, 0.0, 0.9604000373840336, 0.0, 0.0, 0.0, 4.326399682617193]",1,1
1.57407E+18,86,1574069793,782862819,base_link,1,40.3548377,-3.7441241,693.5365927,"[0.9604000373840336, 0.0, 0.0, 0.0, 0.9604000373840336, 0.0, 0.0, 0.0, 4.326399682617193]",1,1
1.57407E+18,87,1574069793,989163345,base_link,1,40.3548367,-3.7441237,693.4265913,"[0.9604000373840336, 0.0, 0.0, 0.0, 0.9604000373840336, 0.0, 0.0, 0.0, 4.326399682617193]",1,1
1.57407E+18,88,1574069794,256014194,base_link,1,40.3548359,-3.744123,693.32659,"[0.9604000373840336, 0.0, 0.0, 0.0, 0.9604000373840336, 0.0, 0.0, 0.0, 4.326399682617193]",1,1
1.57407E+18,89,1574069794,510865686,base_link,1,40.3548359,-3.7441223,693.2565894,"[0.9604000373840336, 0.0, 0.0, 0.0, 0.9604000373840336, 0.0, 0.0, 0.0, 4.326399682617193]",1,1
1.57407E+18,90,1574069794,768966929,base_link,1,40.3548357,-3.7441216,693.2265886,"[0.9604000373840336, 0.0, 0.0, 0.0, 0.9604000373840336, 0.0, 0.0, 0.0, 4.326399682617193]",1,1
1.57407E+18,91,1574069795,45789478,base_link,1,40.3548357,-3.7441203,693.0865874,"[0.9604000373840336, 0.0, 0.0, 0.0, 0.9604000373840336, 0.0, 0.0, 0.0, 4.326399682617193]",1,1
1.57407E+18,92,1574069795,295194253,base_link,1,40.3548356,-3.7441198,693.0065869,"[0.9604000373840336, 0.0, 0.0, 0.0, 0.9604000373840336, 0.0, 0.0, 0.0, 4.326399682617193]",1,1
1.57407E+18,93,1574069795,530060619,base_link,1,40.354835,-3.7441194,692.926586,"[0.9604000373840336, 0.0, 0.0, 0.0, 0.9604000373840336, 0.0, 0.0, 0.0, 4.326399682617193]",1,1
1.57407E+18,94,1574069795,786630282,base_link,1,40.3548344,-3.744119,692.6965851,"[0.9604000373840336, 0.0, 0.0, 0.0, 0.9604000373840336, 0.0, 0.0, 0.0, 4.326399682617193]",1,1
1.57407E+18,95,1574069796,54405495,base_link,1,40.3548334,-3.7441183,692.5065835,"[0.9604000373840336, 0.0, 0.0, 0.0, 0.9604000373840336, 0.0, 0.0, 0.0, 4.326399682617193]",1,1
1.57407E+18,96,1574069796,348116581,base_link,1,40.3548326,-3.7441179,692.3365824,"[0.9604000373840336, 0.0, 0.0, 0.0, 0.9604000373840336, 0.0, 0.0, 0.0, 4.326399682617193]",1,1
1.57407E+18,97,1574069796,573308576,base_link,1,40.3548315,-3.7441175,692.126581,"[0.9604000373840336, 0.0, 0.0, 0.0, 0.9604000373840336, 0.0, 0.0, 0.0, 4.326399682617193]",1,1
1.57407E+18,98,1574069796,855084728,base_link,1,40.3548296,-3.7441166,691.9165784,"[0.9604000373840336, 0.0, 0.0, 0.0, 0.9604000373840336, 0.0, 0.0, 0.0, 4.326399682617193]",1,1
1.57407E+18,99,1574069797,108034561,base_link,1,40.3548285,-3.7441164,691.7465771,"[0.9604000373840336, 0.0, 0.0, 0.0, 0.9604000373840336, 0.0, 0.0, 0.0, 4.326399682617193]",1,1
1.57407E+18,100,1574069797,364754915,base_link,1,40.3548278,-3.7441166,691.7865766,"[0.9604000373840336, 0.0, 0.0, 0.0, 0.9604000373840336, 0.0, 0.0, 0.0, 4.326399682617193]",1,1
1.57407E+18,101,1574069797,642125924,base_link,1,40.3548272,-3.744117,691.7565764,"[0.9604000373840336, 0.0, 0.0, 0.0, 0.9604000373840336, 0.0, 0.0, 0.0, 4.326399682617193]",1,1
1.57407E+18,102,1574069797,882793458,base_link,1,40.3548265,-3.7441159,691.5665748,"[0.9604000373840336, 0.0, 0.0, 0.0, 0.9604000373840336, 0.0, 0.0, 0.0, 4.326399682617193]",1,1
1.57407E+18,103,1574069798,134991684,base_link,1,40.3548262,-3.7441155,691.4365741,"[0.9604000373840336, 0.0, 0.0, 0.0, 0.9604000373840336, 0.0, 0.0, 0.0, 4.326399682617193]",1,1
1.57407E+18,104,1574069798,388394805,base_link,1,40.354826,-3.744115,691.2865735,"[0.9604000373840336, 0.0, 0.0, 0.0, 0.9604000373840336, 0.0, 0.0, 0.0, 4.326399682617193]",1,1
1.57407E+18,105,1574069798,645271620,base_link,1,40.3548262,-3.7441132,691.0865722,"[0.9604000373840336, 0.0, 0.0, 0.0, 0.9604000373840336, 0.0, 0.0, 0.0, 4.326399682617193]",1,1
1.57407E+18,106,1574069798,910877483,base_link,1,40.3548259,-3.7441125,691.1665713,"[0.722500040531159, 0.0, 0.0, 0.0, 0.722500040531159, 0.0, 0.0, 0.0, 2.016399878120424]",1,1
1.57407E+18,107,1574069799,174202959,base_link,1,40.3548259,-3.7441117,690.9265706,"[0.722500040531159, 0.0, 0.0, 0.0, 0.722500040531159, 0.0, 0.0, 0.0, 2.016399878120424]",1,1
1.57407E+18,108,1574069799,439879882,base_link,1,40.3548261,-3.7441108,690.81657,"[0.722500040531159, 0.0, 0.0, 0.0, 0.722500040531159, 0.0, 0.0, 0.0, 2.016399878120424]",1,1
1.57407E+18,109,1574069799,690305737,base_link,1,40.3548263,-3.7441102,690.5465697,"[0.722500040531159, 0.0, 0.0, 0.0, 0.722500040531159, 0.0, 0.0, 0.0, 2.016399878120424]",1,1
1.57407E+18,110,1574069799,972522845,base_link,1,40.3548264,-3.74411,690.4265696,"[0.722500040531159, 0.0, 0.0, 0.0, 0.722500040531159, 0.0, 0.0, 0.0, 2.016399878120424]",1,1
1.57407E+18,111,1574069800,234850362,base_link,1,40.3548266,-3.7441082,690.3865682,"[0.722500040531159, 0.0, 0.0, 0.0, 0.722500040531159, 0.0, 0.0, 0.0, 2.016399878120424]",1,1
1.57407E+18,112,1574069800,490743013,base_link,1,40.3548265,-3.7441072,690.5465673,"[0.722500040531159, 0.0, 0.0, 0.0, 0.722500040531159, 0.0, 0.0, 0.0, 2.016399878120424]",1,1
1.57407E+18,113,1574069800,774095054,base_link,1,40.3548265,-3.7441067,690.5965669,"[0.722500040531159, 0.0, 0.0, 0.0, 0.722500040531159, 0.0, 0.0, 0.0, 2.016399878120424]",1,1
1.57407E+18,114,1574069801,12252347,base_link,1,40.3548268,-3.7441061,690.6865666,"[0.722500040531159, 0.0, 0.0, 0.0, 0.722500040531159, 0.0, 0.0, 0.0, 2.016399878120424]",1,1
1.57407E+18,115,1574069801,273144321,base_link,1,40.3548273,-3.7441063,690.1265673,"[0.722500040531159, 0.0, 0.0, 0.0, 0.722500040531159, 0.0, 0.0, 0.0, 2.016399878120424]",1,1
1.57407E+18,116,1574069801,531611086,base_link,1,40.3548273,-3.744106,690.116567,"[0.722500040531159, 0.0, 0.0, 0.0, 0.722500040531159, 0.0, 0.0, 0.0, 2.016399878120424]",1,1
1.57407E+18,117,1574069801,790678755,base_link,1,40.3548275,-3.7441058,690.216567,"[0.722500040531159, 0.0, 0.0, 0.0, 0.722500040531159, 0.0, 0.0, 0.0, 2.016399878120424]",1,1
1.57407E+18,118,1574069802,47637279,base_link,1,40.3548278,-3.7441047,689.9665664,"[0.774399991607666, 0.0, 0.0, 0.0, 0.774399991607666, 0.0, 0.0, 0.0, 2.016399878120424]",1,1
1.57407E+18,119,1574069802,315343317,base_link,1,40.3548282,-3.7441048,689.6165669,"[0.722500040531159, 0.0, 0.0, 0.0, 0.722500040531159, 0.0, 0.0, 0.0, 2.016399878120424]",1,1
1.57407E+18,120,1574069802,603077054,base_link,1,40.3548286,-3.7441045,689.406567,"[0.722500040531159, 0.0, 0.0, 0.0, 0.722500040531159, 0.0, 0.0, 0.0, 2.016399878120424]",1,1
1.57407E+18,121,1574069802,865379391,base_link,1,40.3548293,-3.7441042,689.0365674,"[0.722500040531159, 0.0, 0.0, 0.0, 0.722500040531159, 0.0, 0.0, 0.0, 2.016399878120424]",1,1
1.57407E+18,122,1574069803,91852668,base_link,1,40.3548296,-3.7441043,688.9665678,"[0.722500040531159, 0.0, 0.0, 0.0, 0.722500040531159, 0.0, 0.0, 0.0, 2.016399878120424]",1,1
1.57407E+18,123,1574069803,347540366,base_link,1,40.3548299,-3.7441046,688.7865683,"[0.722500040531159, 0.0, 0.0, 0.0, 0.722500040531159, 0.0, 0.0, 0.0, 2.016399878120424]",1,1
1.57407E+18,124,1574069803,591191825,base_link,1,40.35483,-3.7441046,688.6765684,"[0.722500040531159, 0.0, 0.0, 0.0, 0.722500040531159, 0.0, 0.0, 0.0, 2.016399878120424]",1,1
1.57407E+18,125,1574069803,854779503,base_link,1,40.3548307,-3.744103,688.3565677,"[0.722500040531159, 0.0, 0.0, 0.0, 0.722500040531159, 0.0, 0.0, 0.0, 2.016399878120424]",1,1
1.57407E+18,126,1574069804,134606814,base_link,1,40.354831,-3.7441027,688.2665678,"[0.722500040531159, 0.0, 0.0, 0.0, 0.722500040531159, 0.0, 0.0, 0.0, 2.016399878120424]",1,1
1.57407E+18,127,1574069804,367947523,base_link,1,40.3548309,-3.7441027,688.3565677,"[0.722500040531159, 0.0, 0.0, 0.0, 0.722500040531159, 0.0, 0.0, 0.0, 2.016399878120424]",1,1
1.57407E+18,128,1574069804,629898658,base_link,1,40.3548303,-3.7441026,688.376567,"[0.722500040531159, 0.0, 0.0, 0.0, 0.722500040531159, 0.0, 0.0, 0.0, 2.016399878120424]",1,1
1.57407E+18,129,1574069804,891411874,base_link,1,40.3548304,-3.7441019,688.3765665,"[0.722500040531159, 0.0, 0.0, 0.0, 0.722500040531159, 0.0, 0.0, 0.0, 2.016399878120424]",1,1
1.57407E+18,130,1574069805,130120379,base_link,1,40.3548305,-3.7441015,688.3165662,"[0.722500040531159, 0.0, 0.0, 0.0, 0.722500040531159, 0.0, 0.0, 0.0, 2.016399878120424]",1,1
1.57407E+18,131,1574069805,372345988,base_link,1,40.3548308,-3.744101,688.2665661,"[0.722500040531159, 0.0, 0.0, 0.0, 0.722500040531159, 0.0, 0.0, 0.0, 2.016399878120424]",1,1
1.57407E+18,132,1574069805,652534770,base_link,1,40.3548319,-3.7440993,687.9665657,"[0.722500040531159, 0.0, 0.0, 0.0, 0.722500040531159, 0.0, 0.0, 0.0, 2.016399878120424]",1,1
1.57407E+18,133,1574069805,892008864,base_link,1,40.3548325,-3.7440985,687.8265656,"[0.722500040531159, 0.0, 0.0, 0.0, 0.722500040531159, 0.0, 0.0, 0.0, 2.016399878120424]",1,1
1.57407E+18,134,1574069806,155715031,base_link,1,40.3548334,-3.7440974,687.5665655,"[0.722500040531159, 0.0, 0.0, 0.0, 0.722500040531159, 0.0, 0.0, 0.0, 2.016399878120424]",1,1
1.57407E+18,135,1574069806,409291433,base_link,1,40.354834,-3.7440964,687.5365652,"[0.722500040531159, 0.0, 0.0, 0.0, 0.722500040531159, 0.0, 0.0, 0.0, 2.016399878120424]",1,1
1.57407E+18,136,1574069806,722073869,base_link,1,40.3548337,-3.7440964,686.8165649,"[0.722500040531159, 0.0, 0.0, 0.0, 0.722500040531159, 0.0, 0.0, 0.0, 2.016399878120424]",1,1
1.57407E+18,137,1574069807,11902959,base_link,1,40.3548324,-3.7440978,686.7665649,"[0.722500040531159, 0.0, 0.0, 0.0, 0.722500040531159, 0.0, 0.0, 0.0, 2.016399878120424]",1,1
1.57407E+18,138,1574069807,236729994,base_link,1,40.3548312,-3.7440988,686.9165646,"[0.722500040531159, 0.0, 0.0, 0.0, 0.722500040531159, 0.0, 0.0, 0.0, 2.016399878120424]",1,1
1.57407E+18,139,1574069807,471957033,base_link,1,40.3548312,-3.7440988,686.9465646,"[0.722500040531159, 0.0, 0.0, 0.0, 0.722500040531159, 0.0, 0.0, 0.0, 2.016399878120424]",1,1
1.57407E+18,140,1574069807,726736093,base_link,1,40.3548311,-3.744099,686.9465647,"[0.792099974536896, 0.0, 0.0, 0.0, 0.792099974536896, 0.0, 0.0, 0.0, 2.016399878120424]",1,1
1.57407E+18,141,1574069808,1258251,base_link,1,40.3548309,-3.7440991,686.8765646,"[0.792099974536896, 0.0, 0.0, 0.0, 0.792099974536896, 0.0, 0.0, 0.0, 2.016399878120424]",1,1
1.57407E+18,142,1574069808,232621495,base_link,1,40.3548312,-3.7440971,687.0965631,"[0.722500040531159, 0.0, 0.0, 0.0, 0.722500040531159, 0.0, 0.0, 0.0, 2.016399878120424]",1,1
1.57407E+18,143,1574069808,494533496,base_link,1,40.3548312,-3.7440959,687.0765621,"[0.722500040531159, 0.0, 0.0, 0.0, 0.722500040531159, 0.0, 0.0, 0.0, 2.016399878120424]",1,1
1.57407E+18,144,1574069808,754804234,base_link,1,40.3548314,-3.7440958,686.8265622,"[0.722500040531159, 0.0, 0.0, 0.0, 0.722500040531159, 0.0, 0.0, 0.0, 2.016399878120424]",1,1
1.57407E+18,145,1574069809,9998056,base_link,1,40.3548315,-3.744095,687.0865616,"[0.722500040531159, 0.0, 0.0, 0.0, 0.722500040531159, 0.0, 0.0, 0.0, 2.016399878120424]",1,1
1.57407E+18,146,1574069809,304225550,base_link,1,40.3548308,-3.7440928,687.446559,"[0.722500040531159, 0.0, 0.0, 0.0, 0.722500040531159, 0.0, 0.0, 0.0, 2.016399878120424]",1,1
1.57407E+18,147,1574069809,539216024,base_link,1,40.3548303,-3.7440934,687.1965591,"[0.722500040531159, 0.0, 0.0, 0.0, 0.722500040531159, 0.0, 0.0, 0.0, 2.016399878120424]",1,1
1.57407E+18,148,1574069809,811060146,base_link,1,40.3548299,-3.7440943,686.9265595,"[0.722500040531159, 0.0, 0.0, 0.0, 0.722500040531159, 0.0, 0.0, 0.0, 2.016399878120424]",1,1
1.57407E+18,149,1574069810,61719116,base_link,1,40.3548313,-3.7440922,687.426559,"[0.722500040531159, 0.0, 0.0, 0.0, 0.722500040531159, 0.0, 0.0, 0.0, 2.016399878120424]",1,1
1.57407E+18,150,1574069810,306946966,base_link,1,40.3548316,-3.7440909,687.7165582,"[0.722500040531159, 0.0, 0.0, 0.0, 0.722500040531159, 0.0, 0.0, 0.0, 2.016399878120424]",1,1
1.57407E+18,151,1574069810,570948850,base_link,1,40.3548316,-3.74409,687.7565574,"[0.722500040531159, 0.0, 0.0, 0.0, 0.722500040531159, 0.0, 0.0, 0.0, 2.016399878120424]",1,1
1.57407E+18,152,1574069810,828868139,base_link,1,40.3548318,-3.744088,688.2365559,"[0.722500040531159, 0.0, 0.0, 0.0, 0.722500040531159, 0.0, 0.0, 0.0, 2.016399878120424]",1,1
1.57407E+18,153,1574069811,87538356,base_link,1,40.354832,-3.7440865,688.3365548,"[0.722500040531159, 0.0, 0.0, 0.0, 0.722500040531159, 0.0, 0.0, 0.0, 2.016399878120424]",1,1
1.57407E+18,154,1574069811,351642535,base_link,1,40.3548324,-3.7440851,688.3265539,"[0.722500040531159, 0.0, 0.0, 0.0, 0.722500040531159, 0.0, 0.0, 0.0, 2.016399878120424]",1,1
1.57407E+18,155,1574069811,587538483,base_link,1,40.3548327,-3.7440846,688.1665538,"[0.722500040531159, 0.0, 0.0, 0.0, 0.722500040531159, 0.0, 0.0, 0.0, 2.016399878120424]",1,1
1.57407E+18,156,1574069811,851596262,base_link,1,40.3548346,-3.7440847,688.2065557,"[0.722500040531159, 0.0, 0.0, 0.0, 0.722500040531159, 0.0, 0.0, 0.0, 2.016399878120424]",1,1
1.57407E+18,157,1574069812,116268433,base_link,1,40.3548356,-3.7440847,688.2765567,"[0.722500040531159, 0.0, 0.0, 0.0, 0.722500040531159, 0.0, 0.0, 0.0, 2.016399878120424]",1,1
1.57407E+18,158,1574069812,397945047,base_link,1,40.3548363,-3.7440845,688.5165572,"[0.722500040531159, 0.0, 0.0, 0.0, 0.722500040531159, 0.0, 0.0, 0.0, 2.016399878120424]",1,1
1.57407E+18,159,1574069812,629328301,base_link,1,40.3548357,-3.7440838,690.076556,"[0.722500040531159, 0.0, 0.0, 0.0, 0.722500040531159, 0.0, 0.0, 0.0, 2.016399878120424]",1,1
1.57407E+18,160,1574069812,889108593,base_link,1,40.3548359,-3.7440838,690.3665562,"[0.722500040531159, 0.0, 0.0, 0.0, 0.722500040531159, 0.0, 0.0, 0.0, 2.016399878120424]",1,1
1.57407E+18,161,1574069813,174973830,base_link,1,40.3548364,-3.7440838,690.3565567,"[0.722500040531159, 0.0, 0.0, 0.0, 0.722500040531159, 0.0, 0.0, 0.0, 2.016399878120424]",1,1
1.57407E+18,162,1574069813,430320781,base_link,1,40.3548367,-3.7440831,690.3165564,"[0.722500040531159, 0.0, 0.0, 0.0, 0.722500040531159, 0.0, 0.0, 0.0, 2.016399878120424]",1,1
1.57407E+18,163,1574069813,722056312,base_link,1,40.3548368,-3.7440821,690.4665556,"[0.722500040531159, 0.0, 0.0, 0.0, 0.722500040531159, 0.0, 0.0, 0.0, 2.016399878120424]",1,1
1.57407E+18,164,1574069813,946610324,base_link,1,40.354837,-3.7440815,690.4365553,"[0.722500040531159, 0.0, 0.0, 0.0, 0.722500040531159, 0.0, 0.0, 0.0, 2.016399878120424]",1,1
1.57407E+18,165,1574069814,210551324,base_link,1,40.3548372,-3.7440807,690.5565548,"[0.722500040531159, 0.0, 0.0, 0.0, 0.722500040531159, 0.0, 0.0, 0.0, 2.016399878120424]",1,1
1.57407E+18,166,1574069814,476657047,base_link,1,40.3548367,-3.7440804,690.716554,"[0.722500040531159, 0.0, 0.0, 0.0, 0.722500040531159, 0.0, 0.0, 0.0, 2.016399878120424]",1,1
1.57407E+18,167,1574069814,734255500,base_link,1,40.3548362,-3.7440813,690.9765543,"[0.792099974536896, 0.0, 0.0, 0.0, 0.792099974536896, 0.0, 0.0, 0.0, 2.4964001356124896]",1,1
1.57407E+18,168,1574069814,970048659,base_link,1,40.3548361,-3.7440818,691.3365547,"[0.792099974536896, 0.0, 0.0, 0.0, 0.792099974536896, 0.0, 0.0, 0.0, 2.4964001356124896]",1,1
1.57407E+18,169,1574069815,249370392,base_link,1,40.3548361,-3.7440815,691.7265544,"[0.722500040531159, 0.0, 0.0, 0.0, 0.722500040531159, 0.0, 0.0, 0.0, 2.016399878120424]",1,1
1.57407E+18,170,1574069815,472264106,base_link,1,40.354836,-3.7440815,692.3665543,"[0.792099974536896, 0.0, 0.0, 0.0, 0.792099974536896, 0.0, 0.0, 0.0, 2.4964001356124896]",1,1
1.57407E+18,171,1574069815,706541466,base_link,1,40.3548363,-3.7440823,692.4965553,"[0.792099974536896, 0.0, 0.0, 0.0, 0.792099974536896, 0.0, 0.0, 0.0, 2.4964001356124896]",1,1
1.57407E+18,172,1574069815,952530027,base_link,1,40.3548363,-3.744083,692.7365559,"[0.722500040531159, 0.0, 0.0, 0.0, 0.722500040531159, 0.0, 0.0, 0.0, 2.016399878120424]",1,1
1.57407E+18,173,1574069816,189851645,base_link,1,40.354836,-3.7440835,692.886556,"[0.722500040531159, 0.0, 0.0, 0.0, 0.722500040531159, 0.0, 0.0, 0.0, 2.016399878120424]",1,1
1.57407E+18,174,1574069816,429679521,base_link,1,40.3548356,-3.7440839,692.936556,"[0.722500040531159, 0.0, 0.0, 0.0, 0.722500040531159, 0.0, 0.0, 0.0, 2.016399878120424]",1,1
1.57407E+18,175,1574069816,666500837,base_link,1,40.3548347,-3.744084,693.1865552,"[0.792099974536896, 0.0, 0.0, 0.0, 0.792099974536896, 0.0, 0.0, 0.0, 2.4964001356124896]",1,1
1.57407E+18,176,1574069816,909471876,base_link,1,40.354834,-3.7440841,693.2465546,"[0.722500040531159, 0.0, 0.0, 0.0, 0.722500040531159, 0.0, 0.0, 0.0, 2.016399878120424]",1,1
1.57407E+18,177,1574069817,145539532,base_link,1,40.3548332,-3.7440843,693.436554,"[0.722500040531159, 0.0, 0.0, 0.0, 0.722500040531159, 0.0, 0.0, 0.0, 2.016399878120424]",1,1
1.57407E+18,178,1574069817,412937096,base_link,1,40.3548326,-3.7440841,693.6065533,"[0.722500040531159, 0.0, 0.0, 0.0, 0.722500040531159, 0.0, 0.0, 0.0, 2.016399878120424]",1,1
1.57407E+18,179,1574069817,659696176,base_link,1,40.3548316,-3.7440841,693.9665523,"[0.722500040531159, 0.0, 0.0, 0.0, 0.722500040531159, 0.0, 0.0, 0.0, 2.016399878120424]",1,1
1.57407E+18,180,1574069817,865550122,base_link,1,40.354831,-3.744084,694.2265516,"[0.722500040531159, 0.0, 0.0, 0.0, 0.722500040531159, 0.0, 0.0, 0.0, 2.016399878120424]",1,1
1.57407E+18,181,1574069818,104938770,base_link,1,40.3548306,-3.744084,694.3865513,"[0.722500040531159, 0.0, 0.0, 0.0, 0.722500040531159, 0.0, 0.0, 0.0, 2.016399878120424]",1,1
1.57407E+18,182,1574069818,365631278,base_link,1,40.3548303,-3.7440841,694.4665511,"[0.722500040531159, 0.0, 0.0, 0.0, 0.722500040531159, 0.0, 0.0, 0.0, 2.016399878120424]",1,1
1.57407E+18,183,1574069818,625250495,base_link,1,40.35483,-3.744084,694.4965507,"[0.722500040531159, 0.0, 0.0, 0.0, 0.722500040531159, 0.0, 0.0, 0.0, 2.016399878120424]",1,1
1.57407E+18,184,1574069818,873340310,base_link,1,40.3548302,-3.7440843,694.8965511,"[0.722500040531159, 0.0, 0.0, 0.0, 0.722500040531159, 0.0, 0.0, 0.0, 2.016399878120424]",1,1
1.57407E+18,185,1574069819,114722722,base_link,1,40.3548305,-3.7440847,695.0965518,"[0.722500040531159, 0.0, 0.0, 0.0, 0.722500040531159, 0.0, 0.0, 0.0, 2.016399878120424]",1,1
1.57407E+18,186,1574069819,346638722,base_link,1,40.3548307,-3.7440852,695.2565524,"[0.722500040531159, 0.0, 0.0, 0.0, 0.722500040531159, 0.0, 0.0, 0.0, 2.016399878120424]",1,1
1.57407E+18,187,1574069819,590613147,base_link,1,40.3548308,-3.7440855,695.4365527,"[0.722500040531159, 0.0, 0.0, 0.0, 0.722500040531159, 0.0, 0.0, 0.0, 2.016399878120424]",1,1
1.57407E+18,188,1574069819,865741991,base_link,1,40.3548314,-3.7440846,695.4665525,"[0.9604000373840336, 0.0, 0.0, 0.0, 0.9604000373840336, 0.0, 0.0, 0.0, 4.284899723625188]",1,1
1.57407E+18,189,1574069820,65223180,base_link,1,40.3548319,-3.7440847,695.4865531,"[0.9604000373840336, 0.0, 0.0, 0.0, 0.9604000373840336, 0.0, 0.0, 0.0, 4.284899723625188]",1,1
1.57407E+18,190,1574069820,329837434,base_link,1,40.354832,-3.7440847,695.7065532,"[0.722500040531159, 0.0, 0.0, 0.0, 0.722500040531159, 0.0, 0.0, 0.0, 2.016399878120424]",1,1
1.57407E+18,191,1574069820,574356051,base_link,1,40.3548317,-3.744085,695.7665532,"[0.722500040531159, 0.0, 0.0, 0.0, 0.722500040531159, 0.0, 0.0, 0.0, 2.016399878120424]",1,1
1.57407E+18,192,1574069820,812592763,base_link,1,40.3548318,-3.7440855,695.6265537,"[0.9604000373840336, 0.0, 0.0, 0.0, 0.9604000373840336, 0.0, 0.0, 0.0, 4.284899723625188]",1,1
1.57407E+18,193,1574069821,51706969,base_link,1,40.3548315,-3.7440846,695.5265526,"[0.9604000373840336, 0.0, 0.0, 0.0, 0.9604000373840336, 0.0, 0.0, 0.0, 4.284899723625188]",1,1
1.57407E+18,194,1574069821,295250515,base_link,1,40.3548309,-3.7440848,695.3265522,"[0.9604000373840336, 0.0, 0.0, 0.0, 0.9604000373840336, 0.0, 0.0, 0.0, 4.284899723625188]",1,1
1.57407E+18,195,1574069821,535376977,base_link,1,40.3548302,-3.744085,695.1665517,"[0.9604000373840336, 0.0, 0.0, 0.0, 0.9604000373840336, 0.0, 0.0, 0.0, 4.284899723625188]",1,1
1.57407E+18,196,1574069821,771080456,base_link,1,40.3548297,-3.7440851,694.9765513,"[0.9604000373840336, 0.0, 0.0, 0.0, 0.9604000373840336, 0.0, 0.0, 0.0, 4.284899723625188]",1,1
1.57407E+18,197,1574069822,91474015,base_link,1,40.354829,-3.744085,694.7865506,"[0.9604000373840336, 0.0, 0.0, 0.0, 0.9604000373840336, 0.0, 0.0, 0.0, 4.284899723625188]",1,1
1.57407E+18,198,1574069822,356544869,base_link,1,40.3548287,-3.7440846,694.5365499,"[0.9604000373840336, 0.0, 0.0, 0.0, 0.9604000373840336, 0.0, 0.0, 0.0, 4.284899723625188]",1,1
1.57407E+18,199,1574069822,537068077,base_link,1,40.3548284,-3.7440843,694.3865494,"[0.9604000373840336, 0.0, 0.0, 0.0, 0.9604000373840336, 0.0, 0.0, 0.0, 4.284899723625188]",1,1
1.57407E+18,200,1574069822,791135261,base_link,1,40.3548286,-3.7440845,694.2465498,"[0.9604000373840336, 0.0, 0.0, 0.0, 0.9604000373840336, 0.0, 0.0, 0.0, 4.284899723625188]",1,1
1.57407E+18,201,1574069823,22498809,base_link,1,40.3548285,-3.7440852,694.1465503,"[0.9604000373840336, 0.0, 0.0, 0.0, 0.9604000373840336, 0.0, 0.0, 0.0, 4.284899723625188]",1,1
1.57407E+18,202,1574069823,295346959,base_link,1,40.3548284,-3.7440858,694.1065507,"[0.9604000373840336, 0.0, 0.0, 0.0, 0.9604000373840336, 0.0, 0.0, 0.0, 4.284899723625188]",1,1
1.57407E+18,203,1574069823,509710831,base_link,1,40.3548282,-3.7440858,693.9665505,"[0.9604000373840336, 0.0, 0.0, 0.0, 0.9604000373840336, 0.0, 0.0, 0.0, 4.284899723625188]",1,1
1.57407E+18,204,1574069823,747410120,base_link,1,40.3548281,-3.744086,693.6965506,"[0.9604000373840336, 0.0, 0.0, 0.0, 0.9604000373840336, 0.0, 0.0, 0.0, 4.284899723625188]",1,1
1.57407E+18,205,1574069823,989811959,base_link,1,40.3548281,-3.7440863,693.6565508,"[0.9604000373840336, 0.0, 0.0, 0.0, 0.9604000373840336, 0.0, 0.0, 0.0, 4.284899723625188]",1,1
1.57407E+18,206,1574069824,246463954,base_link,1,40.3548284,-3.7440869,693.4565516,"[0.9604000373840336, 0.0, 0.0, 0.0, 0.9604000373840336, 0.0, 0.0, 0.0, 4.284899723625188]",1,1
1.57407E+18,207,1574069824,532252711,base_link,1,40.354829,-3.7440876,693.1765528,"[0.9604000373840336, 0.0, 0.0, 0.0, 0.9604000373840336, 0.0, 0.0, 0.0, 4.284899723625188]",1,1
1.57407E+18,208,1574069824,704721692,base_link,1,40.3548287,-3.7440876,692.9265525,"[0.9604000373840336, 0.0, 0.0, 0.0, 0.9604000373840336, 0.0, 0.0, 0.0, 4.284899723625188]",1,1
1.57407E+18,209,1574069824,952643425,base_link,1,40.3548283,-3.7440883,692.5165527,"[0.9604000373840336, 0.0, 0.0, 0.0, 0.9604000373840336, 0.0, 0.0, 0.0, 4.284899723625188]",1,1
1.57407E+18,210,1574069825,205327609,base_link,1,40.354828,-3.7440891,692.2165531,"[0.9604000373840336, 0.0, 0.0, 0.0, 0.9604000373840336, 0.0, 0.0, 0.0, 4.284899723625188]",1,1
1.57407E+18,211,1574069825,444065860,base_link,1,40.3548283,-3.7440883,692.0765527,"[0.9604000373840336, 0.0, 0.0, 0.0, 0.9604000373840336, 0.0, 0.0, 0.0, 4.284899723625188]",1,1
1.57407E+18,212,1574069825,684559110,base_link,1,40.354828,-3.744087,691.9465513,"[0.9604000373840336, 0.0, 0.0, 0.0, 0.9604000373840336, 0.0, 0.0, 0.0, 6.8120994524002185]",1,1
1.57407E+18,213,1574069825,925425719,base_link,1,40.3548277,-3.7440861,691.7565503,"[0.9604000373840336, 0.0, 0.0, 0.0, 0.9604000373840336, 0.0, 0.0, 0.0, 6.8120994524002185]",1,1
1.57407E+18,214,1574069826,166446603,base_link,1,40.3548275,-3.7440857,691.6665497,"[0.9604000373840336, 0.0, 0.0, 0.0, 0.9604000373840336, 0.0, 0.0, 0.0, 6.8120994524002185]",1,1
1.57407E+18,215,1574069826,429977023,base_link,1,40.3548277,-3.7440848,691.3765491,"[0.9604000373840336, 0.0, 0.0, 0.0, 0.9604000373840336, 0.0, 0.0, 0.0, 6.8120994524002185]",1,1
1.57407E+18,216,1574069826,662821140,base_link,1,40.3548271,-3.7440841,690.996548,"[0.9604000373840336, 0.0, 0.0, 0.0, 0.9604000373840336, 0.0, 0.0, 0.0, 6.8120994524002185]",1,1
1.57407E+18,217,1574069826,904070702,base_link,1,40.3548268,-3.7440834,690.9565471,"[0.9604000373840336, 0.0, 0.0, 0.0, 0.9604000373840336, 0.0, 0.0, 0.0, 6.8120994524002185]",1,1
1.57407E+18,218,1574069827,144176727,base_link,1,40.3548271,-3.7440823,690.8265464,"[0.9604000373840336, 0.0, 0.0, 0.0, 0.9604000373840336, 0.0, 0.0, 0.0, 6.8120994524002185]",1,1
1.57407E+18,219,1574069827,388566350,base_link,1,40.3548272,-3.7440818,690.5765461,"[0.9604000373840336, 0.0, 0.0, 0.0, 0.9604000373840336, 0.0, 0.0, 0.0, 6.8120994524002185]",1,1
1.57407E+18,220,1574069827,625070797,base_link,1,40.3548269,-3.7440818,690.3965458,"[0.9604000373840336, 0.0, 0.0, 0.0, 0.9604000373840336, 0.0, 0.0, 0.0, 6.8120994524002185]",1,1
1.57407E+18,221,1574069827,863586351,base_link,1,40.3548258,-3.7440808,690.4965439,"[0.9604000373840336, 0.0, 0.0, 0.0, 0.9604000373840336, 0.0, 0.0, 0.0, 6.8120994524002185]",1,1
1.57407E+18,222,1574069828,110349288,base_link,1,40.3548253,-3.7440803,690.186543,"[0.792099974536896, 0.0, 0.0, 0.0, 0.792099974536896, 0.0, 0.0, 0.0, 2.4964001356124896]",1,1
1.57407E+18,223,1574069828,351842033,base_link,1,40.354825,-3.7440794,690.1565419,"[0.9604000373840336, 0.0, 0.0, 0.0, 0.9604000373840336, 0.0, 0.0, 0.0, 6.8120994524002185]",1,1
1.57407E+18,224,1574069828,614574152,base_link,1,40.3548249,-3.7440789,690.3465414,"[0.9604000373840336, 0.0, 0.0, 0.0, 0.9604000373840336, 0.0, 0.0, 0.0, 6.8120994524002185]",1,1
1.57407E+18,225,1574069828,849179347,base_link,1,40.3548245,-3.7440796,689.6565416,"[0.9604000373840336, 0.0, 0.0, 0.0, 0.9604000373840336, 0.0, 0.0, 0.0, 6.8120994524002185]",1,1
1.57407E+18,226,1574069829,72583252,base_link,1,40.354825,-3.7440798,689.5365422,"[0.9604000373840336, 0.0, 0.0, 0.0, 0.9604000373840336, 0.0, 0.0, 0.0, 6.8120994524002185]",1,1
1.57407E+18,227,1574069829,317171931,base_link,1,40.3548256,-3.7440793,689.4665424,"[0.9604000373840336, 0.0, 0.0, 0.0, 0.9604000373840336, 0.0, 0.0, 0.0, 6.8120994524002185]",1,1
1.57407E+18,228,1574069829,544033520,base_link,1,40.3548258,-3.7440781,689.4365415,"[0.9604000373840336, 0.0, 0.0, 0.0, 0.9604000373840336, 0.0, 0.0, 0.0, 6.8120994524002185]",1,1
1.57407E+18,229,1574069829,792110575,base_link,1,40.354826,-3.7440774,689.4365411,"[0.9604000373840336, 0.0, 0.0, 0.0, 0.9604000373840336, 0.0, 0.0, 0.0, 6.8120994524002185]",1,1
1.57407E+18,230,1574069830,38719633,base_link,1,40.3548263,-3.7440768,689.4265409,"[0.9604000373840336, 0.0, 0.0, 0.0, 0.9604000373840336, 0.0, 0.0, 0.0, 6.8120994524002185]",1,1
1.57407E+18,231,1574069830,290654519,base_link,1,40.3548272,-3.7440757,689.4065408,"[0.9604000373840336, 0.0, 0.0, 0.0, 0.9604000373840336, 0.0, 0.0, 0.0, 6.8120994524002185]",1,1
1.57407E+18,232,1574069830,529285351,base_link,1,40.3548275,-3.7440751,689.5265406,"[0.9604000373840336, 0.0, 0.0, 0.0, 0.9604000373840336, 0.0, 0.0, 0.0, 6.8120994524002185]",1,1
1.57407E+18,233,1574069830,791330648,base_link,1,40.3548279,-3.7440747,689.7065406,"[0.9604000373840336, 0.0, 0.0, 0.0, 0.9604000373840336, 0.0, 0.0, 0.0, 6.8120994524002185]",1,1
1.57407E+18,234,1574069831,24004873,base_link,1,40.3548284,-3.7440746,689.466541,"[0.9604000373840336, 0.0, 0.0, 0.0, 0.9604000373840336, 0.0, 0.0, 0.0, 6.8120994524002185]",1,1
1.57407E+18,235,1574069831,263407758,base_link,1,40.3548285,-3.7440746,689.6265411,"[0.9604000373840336, 0.0, 0.0, 0.0, 0.9604000373840336, 0.0, 0.0, 0.0, 6.8120994524002185]",1,1
1.57407E+18,236,1574069831,532676266,base_link,1,40.3548287,-3.7440746,689.7865413,"[0.9604000373840336, 0.0, 0.0, 0.0, 0.9604000373840336, 0.0, 0.0, 0.0, 6.8120994524002185]",1,1
1.57407E+18,237,1574069831,791582042,base_link,1,40.3548289,-3.744075,689.5965419,"[0.9604000373840336, 0.0, 0.0, 0.0, 0.9604000373840336, 0.0, 0.0, 0.0, 6.8120994524002185]",1,1
1.57407E+18,238,1574069832,7529858,base_link,1,40.3548287,-3.7440748,689.4865415,"[0.9604000373840336, 0.0, 0.0, 0.0, 0.9604000373840336, 0.0, 0.0, 0.0, 4.284899723625188]",1,1
1.57407E+18,239,1574069832,254306559,base_link,1,40.3548281,-3.7440742,689.4565404,"[0.9604000373840336, 0.0, 0.0, 0.0, 0.9604000373840336, 0.0, 0.0, 0.0, 4.284899723625188]",1,1
1.57407E+18,240,1574069832,485223963,base_link,1,40.3548282,-3.7440741,689.4165404,"[0.9604000373840336, 0.0, 0.0, 0.0, 0.9604000373840336, 0.0, 0.0, 0.0, 4.284899723625188]",1,1
1.57407E+18,241,1574069832,729287177,base_link,1,40.3548284,-3.7440739,689.1765404,"[0.9604000373840336, 0.0, 0.0, 0.0, 0.9604000373840336, 0.0, 0.0, 0.0, 4.284899723625188]",1,1
1.57407E+18,242,1574069832,989707035,base_link,1,40.3548285,-3.7440737,689.2065404,"[0.9604000373840336, 0.0, 0.0, 0.0, 0.9604000373840336, 0.0, 0.0, 0.0, 4.284899723625188]",1,1
1.57407E+18,243,1574069833,224778263,base_link,1,40.3548286,-3.7440737,689.2765405,"[0.9604000373840336, 0.0, 0.0, 0.0, 0.9604000373840336, 0.0, 0.0, 0.0, 4.284899723625188]",1,1
1.57407E+18,244,1574069833,467668990,base_link,1,40.3548295,-3.7440747,689.0765422,"[0.9604000373840336, 0.0, 0.0, 0.0, 0.9604000373840336, 0.0, 0.0, 0.0, 4.284899723625188]",1,1
1.57407E+18,245,1574069833,729857033,base_link,1,40.3548299,-3.7440748,689.1065427,"[0.9604000373840336, 0.0, 0.0, 0.0, 0.9604000373840336, 0.0, 0.0, 0.0, 4.284899723625188]",1,1
1.57407E+18,246,1574069833,985214824,base_link,1,40.3548304,-3.744075,689.0265433,"[0.9604000373840336, 0.0, 0.0, 0.0, 0.9604000373840336, 0.0, 0.0, 0.0, 4.284899723625188]",1,1
1.57407E+18,247,1574069834,232573178,base_link,1,40.3548308,-3.7440752,688.9865439,"[0.9604000373840336, 0.0, 0.0, 0.0, 0.9604000373840336, 0.0, 0.0, 0.0, 4.284899723625188]",1,1
1.57407E+18,248,1574069834,455194523,base_link,1,40.3548309,-3.7440755,689.2265442,"[0.9604000373840336, 0.0, 0.0, 0.0, 0.9604000373840336, 0.0, 0.0, 0.0, 4.284899723625188]",1,1
1.57407E+18,249,1574069834,683787788,base_link,1,40.3548309,-3.7440756,689.2365443,"[0.9604000373840336, 0.0, 0.0, 0.0, 0.9604000373840336, 0.0, 0.0, 0.0, 4.284899723625188]",1,1
1.57407E+18,250,1574069834,928826088,base_link,1,40.3548308,-3.7440758,689.3265444,"[0.9604000373840336, 0.0, 0.0, 0.0, 0.9604000373840336, 0.0, 0.0, 0.0, 4.284899723625188]",1,1
1.57407E+18,251,1574069835,186850492,base_link,1,40.3548307,-3.7440759,689.3465444,"[0.9604000373840336, 0.0, 0.0, 0.0, 0.9604000373840336, 0.0, 0.0, 0.0, 4.284899723625188]",1,1
1.57407E+18,252,1574069835,431864031,base_link,1,40.3548306,-3.7440759,689.3765443,"[0.9604000373840336, 0.0, 0.0, 0.0, 0.9604000373840336, 0.0, 0.0, 0.0, 4.284899723625188]",1,1
1.57407E+18,253,1574069835,664744907,base_link,1,40.3548306,-3.7440762,689.3165445,"[0.9604000373840336, 0.0, 0.0, 0.0, 0.9604000373840336, 0.0, 0.0, 0.0, 4.284899723625188]",1,1
1.57407E+18,254,1574069835,907317954,base_link,1,40.3548306,-3.7440761,689.1765445,"[0.9604000373840336, 0.0, 0.0, 0.0, 0.9604000373840336, 0.0, 0.0, 0.0, 4.284899723625188]",1,1
1.57407E+18,255,1574069836,150878678,base_link,1,40.3548303,-3.7440758,689.1665439,"[0.9604000373840336, 0.0, 0.0, 0.0, 0.9604000373840336, 0.0, 0.0, 0.0, 4.284899723625188]",1,1
1.57407E+18,256,1574069836,389537337,base_link,1,40.3548299,-3.7440754,689.0265432,"[0.9604000373840336, 0.0, 0.0, 0.0, 0.9604000373840336, 0.0, 0.0, 0.0, 4.284899723625188]",1,1
1.57407E+18,257,1574069836,660340253,base_link,1,40.3548296,-3.7440752,689.0565427,"[0.9604000373840336, 0.0, 0.0, 0.0, 0.9604000373840336, 0.0, 0.0, 0.0, 4.284899723625188]",1,1
1.57407E+18,258,1574069836,864776227,base_link,1,40.3548291,-3.744076,689.0365429,"[0.9604000373840336, 0.0, 0.0, 0.0, 0.9604000373840336, 0.0, 0.0, 0.0, 4.284899723625188]",1,1
1.57407E+18,259,1574069837,105582842,base_link,1,40.3548288,-3.7440766,689.0565431,"[0.9604000373840336, 0.0, 0.0, 0.0, 0.9604000373840336, 0.0, 0.0, 0.0, 4.284899723625188]",1,1
1.57407E+18,260,1574069837,354243031,base_link,1,40.3548284,-3.7440774,689.1265434,"[0.9604000373840336, 0.0, 0.0, 0.0, 0.9604000373840336, 0.0, 0.0, 0.0, 4.284899723625188]",1,1
1.57407E+18,261,1574069837,591173339,base_link,1,40.3548282,-3.744078,689.1965438,"[0.9604000373840336, 0.0, 0.0, 0.0, 0.9604000373840336, 0.0, 0.0, 0.0, 4.284899723625188]",1,1
1.57407E+18,262,1574069837,830290183,base_link,1,40.3548281,-3.7440787,689.2165443,"[0.9604000373840336, 0.0, 0.0, 0.0, 0.9604000373840336, 0.0, 0.0, 0.0, 6.8120994524002185]",1,1
1.57407E+18,263,1574069838,62194160,base_link,1,40.3548282,-3.7440797,689.0265452,"[0.9604000373840336, 0.0, 0.0, 0.0, 0.9604000373840336, 0.0, 0.0, 0.0, 4.284899723625188]",1,1
1.57407E+18,264,1574069838,308674932,base_link,1,40.3548281,-3.7440799,689.0365453,"[0.9604000373840336, 0.0, 0.0, 0.0, 0.9604000373840336, 0.0, 0.0, 0.0, 4.284899723625188]",1,1
1.57407E+18,265,1574069838,551727501,base_link,1,40.3548284,-3.7440801,688.9865458,"[0.9604000373840336, 0.0, 0.0, 0.0, 0.9604000373840336, 0.0, 0.0, 0.0, 4.284899723625188]",1,1
1.57407E+18,266,1574069838,784384114,base_link,1,40.3548288,-3.7440802,688.7965462,"[0.9604000373840336, 0.0, 0.0, 0.0, 0.9604000373840336, 0.0, 0.0, 0.0, 4.284899723625188]",1,1
1.57407E+18,267,1574069839,30960962,base_link,1,40.3548291,-3.7440812,688.4865474,"[0.9604000373840336, 0.0, 0.0, 0.0, 0.9604000373840336, 0.0, 0.0, 0.0, 4.284899723625188]",1,1
1.57407E+18,268,1574069839,266731168,base_link,1,40.354829,-3.7440816,688.6265476,"[0.9604000373840336, 0.0, 0.0, 0.0, 0.9604000373840336, 0.0, 0.0, 0.0, 4.284899723625188]",1,1
1.57407E+18,269,1574069839,504223153,base_link,1,40.3548291,-3.7440819,688.556548,"[0.9604000373840336, 0.0, 0.0, 0.0, 0.9604000373840336, 0.0, 0.0, 0.0, 4.284899723625188]",1,1
1.57407E+18,270,1574069839,767250747,base_link,1,40.354829,-3.7440822,688.3865482,"[0.9604000373840336, 0.0, 0.0, 0.0, 0.9604000373840336, 0.0, 0.0, 0.0, 4.284899723625188]",1,1
1.57407E+18,271,1574069839,994706123,base_link,1,40.3548289,-3.7440826,688.2565484,"[0.9604000373840336, 0.0, 0.0, 0.0, 0.9604000373840336, 0.0, 0.0, 0.0, 4.284899723625188]",1,1
1.57407E+18,272,1574069840,229057445,base_link,1,40.3548289,-3.7440828,688.0965486,"[0.9604000373840336, 0.0, 0.0, 0.0, 0.9604000373840336, 0.0, 0.0, 0.0, 4.284899723625188]",1,1
1.57407E+18,273,1574069840,489003080,base_link,1,40.3548291,-3.7440828,687.8865488,"[0.9604000373840336, 0.0, 0.0, 0.0, 0.9604000373840336, 0.0, 0.0, 0.0, 4.284899723625188]",1,1
1.57407E+18,274,1574069840,714706489,base_link,1,40.3548292,-3.7440826,687.7265487,"[0.9604000373840336, 0.0, 0.0, 0.0, 0.9604000373840336, 0.0, 0.0, 0.0, 4.284899723625188]",1,1
1.57407E+18,275,1574069840,960974947,base_link,1,40.3548292,-3.744082,687.6065482,"[0.9604000373840336, 0.0, 0.0, 0.0, 0.9604000373840336, 0.0, 0.0, 0.0, 4.284899723625188]",1,1
1.57407E+18,276,1574069841,214814103,base_link,1,40.3548292,-3.7440813,687.5765476,"[0.9604000373840336, 0.0, 0.0, 0.0, 0.9604000373840336, 0.0, 0.0, 0.0, 4.284899723625188]",1,1
1.57407E+18,277,1574069841,492193631,base_link,1,40.3548296,-3.7440805,687.3665473,"[0.9604000373840336, 0.0, 0.0, 0.0, 0.9604000373840336, 0.0, 0.0, 0.0, 4.284899723625188]",1,1
1.57407E+18,278,1574069841,736940195,base_link,1,40.3548303,-3.7440801,687.2165476,"[0.9604000373840336, 0.0, 0.0, 0.0, 0.9604000373840336, 0.0, 0.0, 0.0, 4.284899723625188]",1,1
1.57407E+18,279,1574069842,33352076,base_link,1,40.354831,-3.7440801,687.0765483,"[0.9604000373840336, 0.0, 0.0, 0.0, 0.9604000373840336, 0.0, 0.0, 0.0, 4.284899723625188]",1,1
1.57407E+18,280,1574069842,294534298,base_link,1,40.3548315,-3.7440802,686.9465489,"[0.9604000373840336, 0.0, 0.0, 0.0, 0.9604000373840336, 0.0, 0.0, 0.0, 4.284899723625188]",1,1
1.57407E+18,281,1574069842,484033823,base_link,1,40.3548324,-3.7440799,686.5565495,"[0.9604000373840336, 0.0, 0.0, 0.0, 0.9604000373840336, 0.0, 0.0, 0.0, 4.284899723625188]",1,1
1.57407E+18,282,1574069842,730647363,base_link,1,40.3548326,-3.7440797,686.4465495,"[0.9604000373840336, 0.0, 0.0, 0.0, 0.9604000373840336, 0.0, 0.0, 0.0, 4.284899723625188]",1,1
1.57407E+18,283,1574069842,976518712,base_link,1,40.3548327,-3.7440796,686.2565495,"[0.9604000373840336, 0.0, 0.0, 0.0, 0.9604000373840336, 0.0, 0.0, 0.0, 4.284899723625188]",1,1
1.57407E+18,284,1574069843,206561685,base_link,1,40.3548328,-3.7440797,686.0765497,"[0.9604000373840336, 0.0, 0.0, 0.0, 0.9604000373840336, 0.0, 0.0, 0.0, 4.284899723625188]",1,1
1.57407E+18,285,1574069843,465265317,base_link,1,40.3548324,-3.7440802,685.9165497,"[0.9604000373840336, 0.0, 0.0, 0.0, 0.9604000373840336, 0.0, 0.0, 0.0, 4.284899723625188]",1,1
1.57407E+18,286,1574069843,734316736,base_link,1,40.354832,-3.7440805,685.9165496,"[0.9604000373840336, 0.0, 0.0, 0.0, 0.9604000373840336, 0.0, 0.0, 0.0, 4.284899723625188]",1,1
1.57407E+18,287,1574069843,975125053,base_link,1,40.3548319,-3.7440808,685.9165498,"[0.9604000373840336, 0.0, 0.0, 0.0, 0.9604000373840336, 0.0, 0.0, 0.0, 4.284899723625188]",1,1
1.57407E+18,288,1574069844,207829033,base_link,1,40.3548321,-3.7440809,685.91655,"[0.9604000373840336, 0.0, 0.0, 0.0, 0.9604000373840336, 0.0, 0.0, 0.0, 4.284899723625188]",1,1
1.57407E+18,289,1574069844,446625922,base_link,1,40.3548324,-3.744081,685.8265504,"[0.9604000373840336, 0.0, 0.0, 0.0, 0.9604000373840336, 0.0, 0.0, 0.0, 4.284899723625188]",1,1
1.57407E+18,290,1574069844,691114794,base_link,1,40.3548329,-3.744081,685.7565509,"[0.9604000373840336, 0.0, 0.0, 0.0, 0.9604000373840336, 0.0, 0.0, 0.0, 4.284899723625188]",1,1
1.57407E+18,291,1574069844,934734006,base_link,1,40.3548334,-3.7440813,685.6465516,"[0.9604000373840336, 0.0, 0.0, 0.0, 0.9604000373840336, 0.0, 0.0, 0.0, 4.284899723625188]",1,1
1.57407E+18,292,1574069845,189333800,base_link,1,40.3548337,-3.7440813,685.6165519,"[0.9604000373840336, 0.0, 0.0, 0.0, 0.9604000373840336, 0.0, 0.0, 0.0, 4.284899723625188]",1,1
1.57407E+18,293,1574069845,430302711,base_link,1,40.3548341,-3.7440815,685.5865525,"[0.9604000373840336, 0.0, 0.0, 0.0, 0.9604000373840336, 0.0, 0.0, 0.0, 4.284899723625188]",1,1
1.57407E+18,294,1574069845,646609848,base_link,1,40.3548346,-3.7440818,684.9965532,"[0.9604000373840336, 0.0, 0.0, 0.0, 0.9604000373840336, 0.0, 0.0, 0.0, 4.284899723625188]",1,1
1.57407E+18,295,1574069845,904275649,base_link,1,40.354835,-3.744082,685.0165538,"[0.9604000373840336, 0.0, 0.0, 0.0, 0.9604000373840336, 0.0, 0.0, 0.0, 4.284899723625188]",1,1
1.57407E+18,296,1574069846,146952568,base_link,1,40.3548352,-3.7440824,684.7365543,"[0.9604000373840336, 0.0, 0.0, 0.0, 0.9604000373840336, 0.0, 0.0, 0.0, 4.284899723625188]",1,1
1.57407E+18,297,1574069846,392842269,base_link,1,40.3548348,-3.7440832,684.6865546,"[0.9604000373840336, 0.0, 0.0, 0.0, 0.9604000373840336, 0.0, 0.0, 0.0, 4.284899723625188]",1,1
1.57407E+18,298,1574069846,630238813,base_link,1,40.3548347,-3.7440839,684.6365551,"[0.9604000373840336, 0.0, 0.0, 0.0, 0.9604000373840336, 0.0, 0.0, 0.0, 4.284899723625188]",1,1
1.57407E+18,299,1574069846,869955085,base_link,1,40.3548343,-3.7440844,684.6565552,"[0.9604000373840336, 0.0, 0.0, 0.0, 0.9604000373840336, 0.0, 0.0, 0.0, 4.284899723625188]",1,1
1.57407E+18,300,1574069847,112553253,base_link,1,40.354834,-3.7440844,684.8265549,"[0.9604000373840336, 0.0, 0.0, 0.0, 0.9604000373840336, 0.0, 0.0, 0.0, 4.284899723625188]",1,1
1.57407E+18,301,1574069847,352100527,base_link,1,40.3548338,-3.7440848,684.886555,"[0.9604000373840336, 0.0, 0.0, 0.0, 0.9604000373840336, 0.0, 0.0, 0.0, 4.284899723625188]",1,1
1.57407E+18,302,1574069847,591624757,base_link,1,40.3548336,-3.7440848,684.9365548,"[0.9604000373840336, 0.0, 0.0, 0.0, 0.9604000373840336, 0.0, 0.0, 0.0, 4.284899723625188]",1,1
1.57407E+18,303,1574069847,831537783,base_link,1,40.3548334,-3.7440849,684.8165547,"[0.9604000373840336, 0.0, 0.0, 0.0, 0.9604000373840336, 0.0, 0.0, 0.0, 4.284899723625188]",1,1
1.57407E+18,304,1574069848,68134488,base_link,1,40.3548329,-3.7440848,684.7165542,"[0.9604000373840336, 0.0, 0.0, 0.0, 0.9604000373840336, 0.0, 0.0, 0.0, 4.284899723625188]",1,1
1.57407E+18,305,1574069848,309379599,base_link,1,40.3548327,-3.7440843,684.7265535,"[0.9604000373840336, 0.0, 0.0, 0.0, 0.9604000373840336, 0.0, 0.0, 0.0, 4.284899723625188]",1,1
1.57407E+18,306,1574069848,549868927,base_link,1,40.3548331,-3.7440832,684.936553,"[0.9604000373840336, 0.0, 0.0, 0.0, 0.9604000373840336, 0.0, 0.0, 0.0, 4.284899723625188]",1,1
1.57407E+18,307,1574069848,790522398,base_link,1,40.354834,-3.7440827,685.1165534,"[0.9604000373840336, 0.0, 0.0, 0.0, 0.9604000373840336, 0.0, 0.0, 0.0, 4.284899723625188]",1,1
1.57407E+18,308,1574069849,29556977,base_link,1,40.354835,-3.7440822,685.386554,"[0.9604000373840336, 0.0, 0.0, 0.0, 0.9604000373840336, 0.0, 0.0, 0.0, 4.284899723625188]",1,1
1.57407E+18,309,1574069849,272696413,base_link,1,40.3548371,-3.7440804,686.3365544,"[0.9604000373840336, 0.0, 0.0, 0.0, 0.9604000373840336, 0.0, 0.0, 0.0, 4.284899723625188]",1,1
1.57407E+18,310,1574069849,509438959,base_link,1,40.3548382,-3.7440794,686.2865546,"[0.9604000373840336, 0.0, 0.0, 0.0, 0.9604000373840336, 0.0, 0.0, 0.0, 4.284899723625188]",1,1
1.57407E+18,311,1574069849,750118390,base_link,1,40.3548386,-3.7440788,686.3865545,"[0.9604000373840336, 0.0, 0.0, 0.0, 0.9604000373840336, 0.0, 0.0, 0.0, 4.284899723625188]",1,1
1.57407E+18,312,1574069849,992541129,base_link,1,40.3548386,-3.7440778,686.2365536,"[0.9604000373840336, 0.0, 0.0, 0.0, 0.9604000373840336, 0.0, 0.0, 0.0, 4.284899723625188]",1,1
1.57407E+18,313,1574069850,230264989,base_link,1,40.354838,-3.7440768,686.0965522,"[0.9604000373840336, 0.0, 0.0, 0.0, 0.9604000373840336, 0.0, 0.0, 0.0, 4.284899723625188]",1,1
1.57407E+18,314,1574069850,471695451,base_link,1,40.3548383,-3.7440755,685.7665514,"[0.9604000373840336, 0.0, 0.0, 0.0, 0.9604000373840336, 0.0, 0.0, 0.0, 4.284899723625188]",1,1
1.57407E+18,315,1574069850,713726206,base_link,1,40.3548387,-3.7440745,685.8165509,"[0.9604000373840336, 0.0, 0.0, 0.0, 0.9604000373840336, 0.0, 0.0, 0.0, 4.284899723625188]",1,1
1.57407E+18,316,1574069850,946552013,base_link,1,40.3548393,-3.7440742,685.6765512,"[0.9604000373840336, 0.0, 0.0, 0.0, 0.9604000373840336, 0.0, 0.0, 0.0, 4.284899723625188]",1,1
1.57407E+18,317,1574069851,189759477,base_link,1,40.35484,-3.7440741,685.7065518,"[0.9604000373840336, 0.0, 0.0, 0.0, 0.9604000373840336, 0.0, 0.0, 0.0, 4.284899723625188]",1,1
1.57407E+18,318,1574069851,429588475,base_link,1,40.3548405,-3.7440737,685.4665519,"[0.9604000373840336, 0.0, 0.0, 0.0, 0.9604000373840336, 0.0, 0.0, 0.0, 4.284899723625188]",1,1
1.57407E+18,319,1574069851,664613600,base_link,1,40.3548407,-3.7440731,685.0965516,"[0.9604000373840336, 0.0, 0.0, 0.0, 0.9604000373840336, 0.0, 0.0, 0.0, 4.284899723625188]",1,1
1.57407E+18,320,1574069851,909868390,base_link,1,40.354841,-3.7440727,684.9065516,"[0.9604000373840336, 0.0, 0.0, 0.0, 0.9604000373840336, 0.0, 0.0, 0.0, 4.284899723625188]",1,1
1.57407E+18,321,1574069852,157427954,base_link,1,40.3548412,-3.7440723,684.7165514,"[0.9604000373840336, 0.0, 0.0, 0.0, 0.9604000373840336, 0.0, 0.0, 0.0, 4.284899723625188]",1,1
1.57407E+18,322,1574069852,391086264,base_link,1,40.3548414,-3.7440715,684.7665509,"[0.9604000373840336, 0.0, 0.0, 0.0, 0.9604000373840336, 0.0, 0.0, 0.0, 4.284899723625188]",1,1
1.57407E+18,323,1574069852,628611283,base_link,1,40.3548414,-3.744071,684.7065505,"[0.9604000373840336, 0.0, 0.0, 0.0, 0.9604000373840336, 0.0, 0.0, 0.0, 4.284899723625188]",1,1
1.57407E+18,324,1574069852,870262374,base_link,1,40.354841,-3.74407,684.6665492,"[0.9801000188827516, 0.0, 0.0, 0.0, 0.9801000188827516, 0.0, 0.0, 0.0, 6.8120994524002185]",1,1
1.57407E+18,325,1574069853,104872479,base_link,1,40.3548411,-3.7440699,684.5065492,"[0.9801000188827516, 0.0, 0.0, 0.0, 0.9801000188827516, 0.0, 0.0, 0.0, 6.8120994524002185]",1,1
1.57407E+18,326,1574069853,349781172,base_link,1,40.3548413,-3.7440699,684.3665494,"[0.9801000188827516, 0.0, 0.0, 0.0, 0.9801000188827516, 0.0, 0.0, 0.0, 6.8120994524002185]",1,1
1.57407E+18,327,1574069853,589247172,base_link,1,40.3548416,-3.7440697,684.1965496,"[0.9801000188827516, 0.0, 0.0, 0.0, 0.9801000188827516, 0.0, 0.0, 0.0, 6.8120994524002185]",1,1
1.57407E+18,328,1574069853,830973796,base_link,1,40.354842,-3.7440695,684.1965498,"[0.9801000188827516, 0.0, 0.0, 0.0, 0.9801000188827516, 0.0, 0.0, 0.0, 6.8120994524002185]",1,1
1.57407E+18,329,1574069854,74238196,base_link,1,40.3548426,-3.74407,683.6565508,"[0.9801000188827516, 0.0, 0.0, 0.0, 0.9801000188827516, 0.0, 0.0, 0.0, 6.8120994524002185]",1,1
1.57407E+18,330,1574069854,311223368,base_link,1,40.3548425,-3.7440703,683.4465509,"[0.9801000188827516, 0.0, 0.0, 0.0, 0.9801000188827516, 0.0, 0.0, 0.0, 6.8120994524002185]",1,1
1.57407E+18,331,1574069854,548624061,base_link,1,40.3548424,-3.7440707,683.3065512,"[0.9801000188827516, 0.0, 0.0, 0.0, 0.9801000188827516, 0.0, 0.0, 0.0, 6.8120994524002185]",1,1
1.57407E+18,332,1574069854,791640253,base_link,1,40.3548428,-3.7440709,683.2565517,"[0.9801000188827516, 0.0, 0.0, 0.0, 0.9801000188827516, 0.0, 0.0, 0.0, 6.8120994524002185]",1,1
1.57407E+18,333,1574069855,28885704,base_link,1,40.354843,-3.7440708,683.3065519,"[0.9801000188827516, 0.0, 0.0, 0.0, 0.9801000188827516, 0.0, 0.0, 0.0, 6.8120994524002185]",1,1
1.57407E+18,334,1574069855,270969545,base_link,1,40.3548434,-3.7440709,682.9365523,"[0.9801000188827516, 0.0, 0.0, 0.0, 0.9801000188827516, 0.0, 0.0, 0.0, 6.8120994524002185]",1,1
1.57407E+18,335,1574069855,509480722,base_link,1,40.3548433,-3.7440709,682.7465522,"[0.9801000188827516, 0.0, 0.0, 0.0, 0.9801000188827516, 0.0, 0.0, 0.0, 6.8120994524002185]",1,1
1.57407E+18,336,1574069855,751832511,base_link,1,40.354843,-3.7440707,682.5565518,"[0.9801000188827516, 0.0, 0.0, 0.0, 0.9801000188827516, 0.0, 0.0, 0.0, 6.8120994524002185]",1,1
1.57407E+18,337,1574069855,989519575,base_link,1,40.3548427,-3.7440702,682.5065511,"[0.9801000188827516, 0.0, 0.0, 0.0, 0.9801000188827516, 0.0, 0.0, 0.0, 6.8120994524002185]",1,1
1.57407E+18,338,1574069856,230881937,base_link,1,40.3548424,-3.7440697,682.4065503,"[0.9801000188827516, 0.0, 0.0, 0.0, 0.9801000188827516, 0.0, 0.0, 0.0, 6.8120994524002185]",1,1
1.57407E+18,339,1574069856,470538120,base_link,1,40.3548419,-3.7440696,681.8665498,"[0.9801000188827516, 0.0, 0.0, 0.0, 0.9801000188827516, 0.0, 0.0, 0.0, 6.8120994524002185]",1,1
1.57407E+18,340,1574069856,710513585,base_link,1,40.3548417,-3.7440697,681.7165497,"[0.9801000188827516, 0.0, 0.0, 0.0, 0.9801000188827516, 0.0, 0.0, 0.0, 6.8120994524002185]",1,1
1.57407E+18,341,1574069856,952663695,base_link,1,40.3548416,-3.7440694,681.6765493,"[0.9801000188827516, 0.0, 0.0, 0.0, 0.9801000188827516, 0.0, 0.0, 0.0, 6.8120994524002185]",1,1
1.57407E+18,342,1574069857,189733890,base_link,1,40.3548418,-3.744069,681.6965491,"[0.9801000188827516, 0.0, 0.0, 0.0, 0.9801000188827516, 0.0, 0.0, 0.0, 6.8120994524002185]",1,1
1.57407E+18,343,1574069857,425988368,base_link,1,40.3548423,-3.7440686,681.6365493,"[0.9801000188827516, 0.0, 0.0, 0.0, 0.9801000188827516, 0.0, 0.0, 0.0, 6.8120994524002185]",1,1
1.57407E+18,344,1574069857,672414840,base_link,1,40.3548429,-3.7440691,681.3365503,"[0.9801000188827516, 0.0, 0.0, 0.0, 0.9801000188827516, 0.0, 0.0, 0.0, 6.8120994524002185]",1,1
1.57407E+18,345,1574069857,909817821,base_link,1,40.3548433,-3.744069,681.2165506,"[0.9801000188827516, 0.0, 0.0, 0.0, 0.9801000188827516, 0.0, 0.0, 0.0, 6.8120994524002185]",1,1
1.57407E+18,346,1574069858,151196052,base_link,1,40.3548436,-3.7440686,681.1165505,"[0.9801000188827516, 0.0, 0.0, 0.0, 0.9801000188827516, 0.0, 0.0, 0.0, 6.8120994524002185]",1,1
1.57407E+18,347,1574069858,385160300,base_link,1,40.3548437,-3.7440683,681.0265504,"[0.9801000188827516, 0.0, 0.0, 0.0, 0.9801000188827516, 0.0, 0.0, 0.0, 6.8120994524002185]",1,1
1.57407E+18,348,1574069858,630766615,base_link,1,40.3548439,-3.7440682,680.8165505,"[0.9801000188827516, 0.0, 0.0, 0.0, 0.9801000188827516, 0.0, 0.0, 0.0, 6.8120994524002185]",1,1
1.57407E+18,349,1574069858,867239327,base_link,1,40.3548443,-3.7440677,680.5965504,"[0.9604000373840336, 0.0, 0.0, 0.0, 0.9604000373840336, 0.0, 0.0, 0.0, 4.284899723625188]",1,1
1.57407E+18,350,1574069859,110859858,base_link,1,40.3548441,-3.7440673,680.4065499,"[0.9604000373840336, 0.0, 0.0, 0.0, 0.9604000373840336, 0.0, 0.0, 0.0, 4.284899723625188]",1,1
1.57407E+18,351,1574069859,352437457,base_link,1,40.3548437,-3.7440672,680.1865494,"[0.9604000373840336, 0.0, 0.0, 0.0, 0.9604000373840336, 0.0, 0.0, 0.0, 4.284899723625188]",1,1
1.57407E+18,352,1574069859,589180841,base_link,1,40.3548434,-3.744067,679.956549,"[0.9604000373840336, 0.0, 0.0, 0.0, 0.9604000373840336, 0.0, 0.0, 0.0, 4.284899723625188]",1,1
1.57407E+18,353,1574069859,829607488,base_link,1,40.3548433,-3.7440667,679.7765486,"[0.9604000373840336, 0.0, 0.0, 0.0, 0.9604000373840336, 0.0, 0.0, 0.0, 4.284899723625188]",1,1
1.57407E+18,354,1574069860,69487812,base_link,1,40.3548427,-3.7440666,679.3565479,"[0.9604000373840336, 0.0, 0.0, 0.0, 0.9604000373840336, 0.0, 0.0, 0.0, 4.284899723625188]",1,1
1.57407E+18,355,1574069860,310009837,base_link,1,40.3548425,-3.7440666,679.2965478,"[0.9604000373840336, 0.0, 0.0, 0.0, 0.9604000373840336, 0.0, 0.0, 0.0, 4.284899723625188]",1,1
1.57407E+18,356,1574069860,551269435,base_link,1,40.3548424,-3.7440665,679.2165476,"[0.9604000373840336, 0.0, 0.0, 0.0, 0.9604000373840336, 0.0, 0.0, 0.0, 4.284899723625188]",1,1
1.57407E+18,357,1574069860,789231571,base_link,1,40.3548425,-3.7440662,679.1665474,"[0.9604000373840336, 0.0, 0.0, 0.0, 0.9604000373840336, 0.0, 0.0, 0.0, 4.284899723625188]",1,1
1.57407E+18,358,1574069861,28908302,base_link,1,40.3548425,-3.744066,679.0965472,"[0.9604000373840336, 0.0, 0.0, 0.0, 0.9604000373840336, 0.0, 0.0, 0.0, 4.284899723625188]",1,1
1.57407E+18,359,1574069861,272562009,base_link,1,40.3548424,-3.7440658,679.056547,"[0.9604000373840336, 0.0, 0.0, 0.0, 0.9604000373840336, 0.0, 0.0, 0.0, 4.284899723625188]",1,1
1.57407E+18,360,1574069861,511238745,base_link,1,40.3548426,-3.7440656,678.886547,"[0.9604000373840336, 0.0, 0.0, 0.0, 0.9604000373840336, 0.0, 0.0, 0.0, 4.284899723625188]",1,1
1.57407E+18,361,1574069861,748738641,base_link,1,40.3548425,-3.7440655,678.7565468,"[0.9801000188827516, 0.0, 0.0, 0.0, 0.9801000188827516, 0.0, 0.0, 0.0, 6.8120994524002185]",1,1
1.57407E+18,362,1574069861,986586257,base_link,1,40.3548425,-3.7440654,678.6265467,"[0.9604000373840336, 0.0, 0.0, 0.0, 0.9604000373840336, 0.0, 0.0, 0.0, 4.284899723625188]",1,1
1.57407E+18,363,1574069862,231160826,base_link,1,40.3548425,-3.7440654,678.5165467,"[0.9604000373840336, 0.0, 0.0, 0.0, 0.9604000373840336, 0.0, 0.0, 0.0, 4.284899723625188]",1,1
1.57407E+18,364,1574069862,471963795,base_link,1,40.3548429,-3.7440659,678.4365475,"[0.9604000373840336, 0.0, 0.0, 0.0, 0.9604000373840336, 0.0, 0.0, 0.0, 4.284899723625188]",1,1
1.57407E+18,365,1574069862,710697441,base_link,1,40.3548433,-3.7440658,678.6865478,"[0.9604000373840336, 0.0, 0.0, 0.0, 0.9604000373840336, 0.0, 0.0, 0.0, 4.284899723625188]",1,1
1.57407E+18,366,1574069862,949092233,base_link,1,40.3548435,-3.7440658,678.616548,"[0.9604000373840336, 0.0, 0.0, 0.0, 0.9604000373840336, 0.0, 0.0, 0.0, 4.284899723625188]",1,1
1.57407E+18,367,1574069863,190346766,base_link,1,40.3548436,-3.744066,678.4365483,"[0.9604000373840336, 0.0, 0.0, 0.0, 0.9604000373840336, 0.0, 0.0, 0.0, 4.284899723625188]",1,1
1.57407E+18,368,1574069863,429054028,base_link,1,40.3548436,-3.7440662,678.2765485,"[0.9604000373840336, 0.0, 0.0, 0.0, 0.9604000373840336, 0.0, 0.0, 0.0, 4.284899723625188]",1,1
1.57407E+18,369,1574069863,669356155,base_link,1,40.3548435,-3.7440663,678.2065485,"[0.9604000373840336, 0.0, 0.0, 0.0, 0.9604000373840336, 0.0, 0.0, 0.0, 4.284899723625188]",1,1
1.57407E+18,370,1574069863,906067599,base_link,1,40.3548436,-3.7440664,678.2065486,"[0.9604000373840336, 0.0, 0.0, 0.0, 0.9604000373840336, 0.0, 0.0, 0.0, 4.284899723625188]",1,1
1.57407E+18,371,1574069864,149759226,base_link,1,40.3548436,-3.7440664,677.9465486,"[0.9604000373840336, 0.0, 0.0, 0.0, 0.9604000373840336, 0.0, 0.0, 0.0, 4.284899723625188]",1,1
1.57407E+18,372,1574069864,389287642,base_link,1,40.3548433,-3.7440666,677.6965485,"[0.9604000373840336, 0.0, 0.0, 0.0, 0.9604000373840336, 0.0, 0.0, 0.0, 4.284899723625188]",1,1
1.57407E+18,373,1574069864,630014485,base_link,1,40.3548432,-3.7440667,677.4765485,"[0.9604000373840336, 0.0, 0.0, 0.0, 0.9604000373840336, 0.0, 0.0, 0.0, 4.284899723625188]",1,1
1.57407E+18,374,1574069864,864674045,base_link,1,40.354843,-3.7440663,676.996548,"[0.9604000373840336, 0.0, 0.0, 0.0, 0.9604000373840336, 0.0, 0.0, 0.0, 4.284899723625188]",1,1
1.57E+18,660,1574068125,227492695,base_link,1,40.354843,-3.7441638,705.806632,"[0.7396000246047976, 0.0, 0.0, 0.0, 0.7396000246047976, 0.0, 0.0, 0.0, 1.664099901580812]",1,0
1.57E+18,661,1574068125,460063628,base_link,1,40.3548425,-3.7441647,705.3066323,"[0.7396000246047976, 0.0, 0.0, 0.0, 0.7396000246047976, 0.0, 0.0, 0.0, 1.664099901580812]",1,0
1.57E+18,662,1574068125,720933653,base_link,1,40.3548416,-3.7441663,704.7366328,"[0.7396000246047976, 0.0, 0.0, 0.0, 0.7396000246047976, 0.0, 0.0, 0.0, 1.664099901580812]",1,0
1.57E+18,663,1574068125,982940625,base_link,1,40.3548421,-3.7441677,704.7866345,"[0.7396000246047976, 0.0, 0.0, 0.0, 0.7396000246047976, 0.0, 0.0, 0.0, 1.664099901580812]",1,0
1.57E+18,664,1574068126,243773899,base_link,1,40.3548424,-3.7441676,704.8466347,"[0.7396000246047976, 0.0, 0.0, 0.0, 0.7396000246047976, 0.0, 0.0, 0.0, 1.664099901580812]",1,0
1.57E+18,665,1574068126,498818749,base_link,1,40.3548423,-3.7441684,704.7266353,"[0.7396000246047976, 0.0, 0.0, 0.0, 0.7396000246047976, 0.0, 0.0, 0.0, 1.664099901580812]",1,0
1.57E+18,666,1574068126,699114513,base_link,1,40.3548419,-3.7441691,704.5766355,"[0.7396000246047976, 0.0, 0.0, 0.0, 0.7396000246047976, 0.0, 0.0, 0.0, 1.664099901580812]",1,0
1.57E+18,667,1574068126,960107972,base_link,1,40.3548412,-3.7441695,704.5266351,"[0.7396000246047976, 0.0, 0.0, 0.0, 0.7396000246047976, 0.0, 0.0, 0.0, 1.664099901580812]",1,0
1.57E+18,668,1574068127,205900631,base_link,1,40.3548394,-3.7441703,704.3766341,"[0.7396000246047976, 0.0, 0.0, 0.0, 0.7396000246047976, 0.0, 0.0, 0.0, 1.664099901580812]",1,0
1.57E+18,669,1574068127,492075134,base_link,1,40.3548388,-3.7441704,704.3466336,"[0.7396000246047976, 0.0, 0.0, 0.0, 0.7396000246047976, 0.0, 0.0, 0.0, 1.664099901580812]",1,0
1.57E+18,670,1574068127,732477866,base_link,1,40.3548379,-3.7441708,704.2466331,"[0.7396000246047976, 0.0, 0.0, 0.0, 0.7396000246047976, 0.0, 0.0, 0.0, 1.664099901580812]",1,0
1.57E+18,671,1574068128,2623974,base_link,1,40.3548369,-3.7441711,704.1566324,"[0.7396000246047976, 0.0, 0.0, 0.0, 0.7396000246047976, 0.0, 0.0, 0.0, 1.664099901580812]",1,0
1.57E+18,672,1574068128,220273283,base_link,1,40.3548353,-3.7441716,704.1066313,"[0.7396000246047976, 0.0, 0.0, 0.0, 0.7396000246047976, 0.0, 0.0, 0.0, 1.664099901580812]",1,0
1.57E+18,673,1574068128,460103174,base_link,1,40.354835,-3.7441717,704.1466311,"[0.7396000246047976, 0.0, 0.0, 0.0, 0.7396000246047976, 0.0, 0.0, 0.0, 1.664099901580812]",1,0
1.57E+18,674,1574068128,724428978,base_link,1,40.3548349,-3.7441716,704.1866309,"[0.7396000246047976, 0.0, 0.0, 0.0, 0.7396000246047976, 0.0, 0.0, 0.0, 1.664099901580812]",1,0
1.57E+18,675,1574068128,988987635,base_link,1,40.3548347,-3.7441715,704.2166306,"[0.7396000246047976, 0.0, 0.0, 0.0, 0.7396000246047976, 0.0, 0.0, 0.0, 1.664099901580812]",1,0
1.57E+18,676,1574068129,208048726,base_link,1,40.354834,-3.7441715,704.3266299,"[0.7396000246047976, 0.0, 0.0, 0.0, 0.7396000246047976, 0.0, 0.0, 0.0, 1.664099901580812]",1,0
1.57E+18,677,1574068129,459404846,base_link,1,40.3548335,-3.744172,704.3366299,"[0.7396000246047976, 0.0, 0.0, 0.0, 0.7396000246047976, 0.0, 0.0, 0.0, 1.664099901580812]",1,0
1.57E+18,678,1574068129,698922472,base_link,1,40.3548333,-3.7441725,704.4566301,"[0.7396000246047976, 0.0, 0.0, 0.0, 0.7396000246047976, 0.0, 0.0, 0.0, 1.664099901580812]",1,0
1.57E+18,679,1574068129,949650477,base_link,1,40.3548335,-3.744173,704.5866307,"[0.7396000246047976, 0.0, 0.0, 0.0, 0.7396000246047976, 0.0, 0.0, 0.0, 1.664099901580812]",1,0
1.57E+18,680,1574068130,178639547,base_link,1,40.3548334,-3.744174,704.6366315,"[0.7396000246047976, 0.0, 0.0, 0.0, 0.7396000246047976, 0.0, 0.0, 0.0, 1.664099901580812]",1,0
1.57E+18,681,1574068130,421204122,base_link,1,40.3548335,-3.7441756,705.056633,"[0.7396000246047976, 0.0, 0.0, 0.0, 0.7396000246047976, 0.0, 0.0, 0.0, 1.664099901580812]",1,0
1.57E+18,682,1574068130,667094925,base_link,1,40.3548346,-3.7441756,705.206634,"[0.7396000246047976, 0.0, 0.0, 0.0, 0.7396000246047976, 0.0, 0.0, 0.0, 1.664099901580812]",1,0
1.57E+18,683,1574068130,896084702,base_link,1,40.3548372,-3.7441742,705.0566353,"[0.7396000246047976, 0.0, 0.0, 0.0, 0.7396000246047976, 0.0, 0.0, 0.0, 1.664099901580812]",1,0
1.57E+18,684,1574068131,155029764,base_link,1,40.3548421,-3.7441707,705.0866371,"[0.7396000246047976, 0.0, 0.0, 0.0, 0.7396000246047976, 0.0, 0.0, 0.0, 1.664099901580812]",1,0
1.57E+18,685,1574068131,382422539,base_link,1,40.3548454,-3.7441715,704.9666409,"[0.7396000246047976, 0.0, 0.0, 0.0, 0.7396000246047976, 0.0, 0.0, 0.0, 1.664099901580812]",1,0
1.57E+18,686,1574068131,644710545,base_link,1,40.354847,-3.7441816,704.4066512,"[0.7396000246047976, 0.0, 0.0, 0.0, 0.7396000246047976, 0.0, 0.0, 0.0, 1.664099901580812]",1,0
1.57E+18,687,1574068131,878761335,base_link,1,40.3548477,-3.7441825,704.3666526,"[0.7396000246047976, 0.0, 0.0, 0.0, 0.7396000246047976, 0.0, 0.0, 0.0, 1.664099901580812]",1,0
1.57E+18,688,1574068132,123838792,base_link,1,40.3548492,-3.744181,704.4166528,"[0.7396000246047976, 0.0, 0.0, 0.0, 0.7396000246047976, 0.0, 0.0, 0.0, 1.664099901580812]",1,0
1.57E+18,689,1574068132,369045921,base_link,1,40.3548504,-3.744179,704.3666522,"[0.7396000246047976, 0.0, 0.0, 0.0, 0.7396000246047976, 0.0, 0.0, 0.0, 1.664099901580812]",1,0
1.57E+18,690,1574068132,614243909,base_link,1,40.3548511,-3.7441759,704.1566502,"[0.7396000246047976, 0.0, 0.0, 0.0, 0.7396000246047976, 0.0, 0.0, 0.0, 1.664099901580812]",1,0
1.57E+18,691,1574068132,868619682,base_link,1,40.3548501,-3.7441774,703.9066506,"[0.7396000246047976, 0.0, 0.0, 0.0, 0.7396000246047976, 0.0, 0.0, 0.0, 1.664099901580812]",1,0
1.57E+18,692,1574068133,102324171,base_link,1,40.3548485,-3.7441813,703.8066524,"[0.7396000246047976, 0.0, 0.0, 0.0, 0.7396000246047976, 0.0, 0.0, 0.0, 1.664099901580812]",1,0
1.57E+18,693,1574068133,366853123,base_link,1,40.3548454,-3.7441866,703.7966539,"[0.7396000246047976, 0.0, 0.0, 0.0, 0.7396000246047976, 0.0, 0.0, 0.0, 1.664099901580812]",1,0
1.57E+18,694,1574068133,625114246,base_link,1,40.3548416,-3.7441976,703.6466598,"[0.7396000246047976, 0.0, 0.0, 0.0, 0.7396000246047976, 0.0, 0.0, 0.0, 1.664099901580812]",1,0
1.57E+18,695,1574068133,877727458,base_link,1,40.3548416,-3.7441998,703.7566616,"[0.7396000246047976, 0.0, 0.0, 0.0, 0.7396000246047976, 0.0, 0.0, 0.0, 1.664099901580812]",1,0
1.57E+18,696,1574068134,81801936,base_link,1,40.3548422,-3.7442007,703.876663,"[0.7396000246047976, 0.0, 0.0, 0.0, 0.7396000246047976, 0.0, 0.0, 0.0, 1.664099901580812]",1,0
1.57E+18,697,1574068134,316767412,base_link,1,40.3548429,-3.744201,704.0166639,"[0.7396000246047976, 0.0, 0.0, 0.0, 0.7396000246047976, 0.0, 0.0, 0.0, 1.664099901580812]",1,0
1.57E+18,698,1574068134,560596128,base_link,1,40.3548425,-3.7442011,704.2066636,"[0.7396000246047976, 0.0, 0.0, 0.0, 0.7396000246047976, 0.0, 0.0, 0.0, 1.664099901580812]",1,0
1.57E+18,699,1574068134,818045155,base_link,1,40.3548404,-3.744202,704.3666624,"[0.7396000246047976, 0.0, 0.0, 0.0, 0.7396000246047976, 0.0, 0.0, 0.0, 1.664099901580812]",1,0
