rosbagTimestamp,seq,secs,nsecs,frame_id,xlt,ylt,zlt,xat,yat,zat,normality
1.57E+18,53,1574069785,712742836,base_link,0.160412215,-0.003352011,-0.05953003,0.000213866,0.000151484,0.002009616,1
1.57E+18,54,1574069785,952704773,base_link,0.132591944,-0.025489098,-0.062489767,-0.001187363,-0.000857609,-0.001255972,1
1.57E+18,55,1574069786,192777145,base_link,0.100022562,-0.05109375,-0.066240501,0.001718535,-0.001542747,-0.001125217,1
1.57E+18,56,1574069786,436379125,base_link,0.078779401,-0.0589687,-0.068169028,0.000330002,0.000270217,0.001530935,1
1.57E+18,57,1574069786,673173222,base_link,0.072535077,-0.053504574,-0.068748139,0.000994225,-0.000740422,-0.00359525,1
1.57E+18,58,1574069786,913132463,base_link,0.067159919,-0.045708118,-0.072302256,0.000542726,-0.000277682,-0.000889685,1
1.57E+18,59,1574069787,152272004,base_link,0.062005406,-0.032199709,-0.076210427,7.65E-06,-0.000120354,-0.000310546,1
1.57E+18,60,1574069787,393422648,base_link,0.050373505,-0.031942052,-0.079277252,-0.001450993,0.001151739,-0.0001953,1
1.57E+18,61,1574069787,636076753,base_link,0.034473409,-0.051656033,-0.078587023,-0.000282415,0.000469061,0.000168266,1
1.57E+18,62,1574069787,875732097,base_link,0.01067684,-0.066890417,-0.077907416,0.000588052,0.000968357,-0.000151683,1
1.57E+18,63,1574069788,112958588,base_link,0.002556884,-0.062030604,-0.078546508,0.000726824,0.000720219,-0.001413225,1
1.57E+18,64,1574069788,354338323,base_link,0.002380465,-0.046594102,-0.076982257,-0.00058129,0.001727811,0.000447861,1
1.57E+18,65,1574069788,593095599,base_link,0.000126721,-0.035739215,-0.074425585,-0.001721766,0.00150988,0.000671123,1
1.57E+18,66,1574069788,833199200,base_link,-0.004667471,-0.029569521,-0.073992706,-0.000181804,-0.000166736,-0.001958597,1
1.57E+18,67,1574069789,72666270,base_link,-0.008208791,-0.023324238,-0.073608916,0.000948657,-0.001027484,0.000799049,1
1.57E+18,68,1574069789,313167484,base_link,-0.012888104,-0.026239714,-0.071924753,-0.000276576,0.000935694,-0.00056531,1
1.57E+18,69,1574069789,554959277,base_link,-0.017998509,-0.032674504,-0.068953882,-0.00088261,-0.000706063,-0.002731406,1
1.57E+18,70,1574069789,792456877,base_link,-0.019310909,-0.029610883,-0.069341071,0.000916903,0.000218247,0.001493177,1
1.57E+18,71,1574069790,35945911,base_link,-0.024587571,-0.027747719,-0.068668402,0.001039024,0.000834432,-0.00045498,1
1.57E+18,72,1574069790,273011778,base_link,-0.034534798,-0.033301332,-0.06591896,-0.000425078,0.000855639,-0.002121192,1
1.57E+18,73,1574069790,512409504,base_link,-0.027320453,-0.02942173,-0.065124889,0.001950328,0.001080959,-0.001037078,1
1.57E+18,74,1574069790,752043660,base_link,-0.025246248,-0.021918027,-0.065656605,-4.19E-05,0.000296873,-0.000136186,1
1.57E+18,75,1574069790,992592200,base_link,-0.025207505,-0.010167962,-0.067232812,-0.000153532,0.001211393,0.000580035,1
1.57E+18,76,1574069791,234131396,base_link,-0.022874994,0.004111453,-0.068030343,0.00106366,-0.001252313,0.001858963,1
1.57E+18,77,1574069791,471369709,base_link,-0.022926228,0.001544958,-0.065429402,-0.001461256,0.000176355,0.001309728,1
1.57E+18,78,1574069791,713299035,base_link,-0.024463592,-0.001903304,-0.063191419,0.001316365,-1.78E-05,0.000463185,1
1.57E+18,79,1574069791,951876863,base_link,-0.029434351,-0.008903983,-0.061535219,0.00064007,0.000718795,0.000285765,1
1.57E+18,80,1574069792,193045727,base_link,-0.033102227,-0.01893255,-0.061182477,-0.001823155,0.000939099,0.000297313,1
1.57E+18,81,1574069792,433272599,base_link,-0.037557579,-0.026675466,-0.060346865,0.000720425,-0.000647636,0.000284829,1
1.57E+18,82,1574069792,674010095,base_link,-0.044102936,-0.036521246,-0.056910703,-0.000831743,-0.000263547,-0.000866976,1
1.57E+18,83,1574069792,912179005,base_link,-0.047671264,-0.043105603,-0.05446292,-0.000228437,-0.000416707,1.54E-05,1
1.57E+18,84,1574069793,152163309,base_link,-0.052137402,-0.04907157,-0.053071039,-0.000579911,0.000450445,0.001280371,1
1.57E+18,85,1574069793,392849025,base_link,-0.048444165,-0.047898872,-0.051767645,-0.00099986,0.002061496,-0.000209145,1
1.57E+18,86,1574069793,642069782,base_link,-0.047651856,-0.051644805,-0.048213943,0.002093704,-0.001912234,0.000795671,1
1.57E+18,87,1574069793,913261224,base_link,-0.057754225,-0.075768113,-0.045134843,-0.0002923,0.000900534,-0.000801228,1
1.57E+18,88,1574069794,212810935,base_link,-0.071277207,-0.101946395,-0.039822502,-0.000928858,-0.002207624,-0.000402523,1
1.57E+18,89,1574069794,532269838,base_link,-0.068559617,-0.100726026,-0.035401288,-0.000792317,0.001109814,-0.00010768,1
1.57E+18,90,1574069794,793198661,base_link,-0.062000056,-0.095383333,-0.032540854,-0.001230877,-0.000205838,-0.00095448,1
1.57E+18,91,1574069795,72660999,base_link,-0.051163305,-0.084468021,-0.030126437,-0.00057814,-0.000607386,-1.46E-05,1
1.57E+18,92,1574069795,353487221,base_link,-0.038346193,-0.071343794,-0.029071707,0.000540001,0.001242357,-0.000736733,1
1.57E+18,93,1574069795,688026709,base_link,-0.036094786,-0.07372432,-0.024060117,-0.001560578,0.00095114,0.000411609,1
1.57E+18,94,1574069795,916562090,base_link,-0.038306919,-0.083088235,-0.022725745,0.003804172,-0.00768542,0.002729839,1
1.57E+18,95,1574069796,200448921,base_link,-0.040489947,-0.093326485,-0.022796162,0.003271069,0.001741402,0.000386319,1
1.57E+18,96,1574069796,481953435,base_link,-0.047245481,-0.121762656,-0.019742857,0.001408745,-0.000189952,0.001452478,1
1.57E+18,97,1574069796,754249371,base_link,-0.055600902,-0.151137476,-0.014374864,0.002009124,0.001412659,0.000417217,1
1.57E+18,98,1574069797,34535703,base_link,-0.066686569,-0.178152885,-0.011563566,-4.41E-05,0.002079461,7.70E-06,1
1.57E+18,99,1574069797,339537429,base_link,-0.0856527,-0.201201561,-0.009339252,0.000639078,0.0006681,-8.02E-05,1
1.57E+18,100,1574069797,614636803,base_link,-0.108218843,-0.206131574,-0.003909338,0.001050558,0.000666803,0.000281529,1
1.57E+18,101,1574069797,894548650,base_link,-0.112913266,-0.206019849,-0.002255624,-0.000354869,-0.000745704,-0.000627126,1
1.57E+18,102,1574069798,173446944,base_link,-0.111274285,-0.207165994,-0.002016397,-0.000325195,-0.000910641,0.001252176,1
1.57E+18,103,1574069798,434260813,base_link,-0.102815788,-0.207282863,-0.003992219,-0.000325195,-0.000910641,0.001252176,1
1.57E+18,104,1574069798,697091925,base_link,-0.076089307,-0.196766463,-0.005329177,-1.03E-05,-0.001189076,0.000332094,1
1.57E+18,105,1574069799,2947792,base_link,-0.05356588,-0.191263229,-0.007256273,0.000118657,-0.002195143,-0.000908738,1
1.57E+18,106,1574069799,271769656,base_link,-0.031692559,-0.189363237,-0.007801081,-9.49E-05,-1.92E-05,0.000747183,1
1.57E+18,107,1574069799,557535300,base_link,-0.013654087,-0.175443186,-0.011633104,-0.000209096,-0.00118735,-0.00022316,1
1.57E+18,108,1574069799,835260472,base_link,0.003449213,-0.15931815,-0.01710003,-0.001307315,-0.002370411,-1.23E-05,1
1.57E+18,109,1574069800,133135899,base_link,0.030248356,-0.138443874,-0.022479015,-0.000695282,-0.023336643,-0.002252895,1
1.57E+18,110,1574069800,430839940,base_link,0.041118137,-0.131954983,-0.02613102,0.006877067,0.029688595,-0.02859698,1
1.57E+18,111,1574069800,696484420,base_link,0.072556124,-0.131534107,-0.026208349,-0.002951737,-0.031545512,0.014995381,1
1.57E+18,112,1574069800,972580309,base_link,0.084464026,-0.12557503,-0.027423827,-0.003061484,-0.052459769,0.006200432,1
1.57E+18,113,1574069801,294475193,base_link,0.093579649,-0.115839644,-0.027872535,0.004822312,-0.034714188,0.00854694,1
1.57E+18,114,1574069801,553896042,base_link,0.096103326,-0.113901307,-0.027032736,-0.01681276,0.022252681,-0.004449344,1
1.57E+18,115,1574069801,832429809,base_link,0.096213165,-0.102103986,-0.02510857,-0.015490923,0.012883808,-0.01985468,1
1.57E+18,116,1574069802,133497271,base_link,0.09548613,-0.10030114,-0.023866823,-0.000583741,-0.007840196,-0.023944378,1
1.57E+18,117,1574069802,411895132,base_link,0.097453157,-0.08638377,-0.024385368,0.002371943,-0.015637776,0.010064174,1
1.57E+18,118,1574069802,693564524,base_link,0.096992528,-0.070922163,-0.02241666,0.005600358,0.025201121,-0.000601648,1
1.57E+18,119,1574069802,972103780,base_link,0.10403571,-0.051489595,-0.024518757,0.000122181,-0.01645148,0.008963356,1
1.57E+18,120,1574069803,234351092,base_link,0.089047163,-0.028814516,-0.026937714,-0.001153076,-0.013864452,0.015992543,1
1.57E+18,121,1574069803,515781783,base_link,0.070482938,-0.006898316,-0.029522951,0.000275691,0.009503243,-0.014038712,1
1.57E+18,122,1574069803,832359977,base_link,0.07411889,0.004144965,-0.033565533,0.002008202,-0.013577626,0.020460332,1
1.57E+18,123,1574069804,117601133,base_link,0.083310688,0.014654765,-0.039544307,0.006150794,0.001372151,0.013907253,1
1.57E+18,124,1574069804,388021614,base_link,0.078121918,0.022515094,-0.039204761,0.00512328,0.024107993,0.016562922,1
1.57E+18,125,1574069804,653633111,base_link,0.0644088,0.030285194,-0.038191831,-0.002800127,0.002512046,0.000103667,1
1.57E+18,126,1574069804,932194123,base_link,0.05487781,0.029590301,-0.038942578,-0.004087154,-0.026823891,0.0031263,1
1.57E+18,127,1574069805,198153211,base_link,0.051653978,0.030920406,-0.036734323,0.012445122,0.015684541,0.002177168,1
1.57E+18,128,1574069805,481885406,base_link,0.055566599,0.040442017,-0.037240325,0.003776566,0.010617198,-0.001480003,1
1.57E+18,129,1574069805,761889911,base_link,0.068096706,0.08646641,-0.018679354,-0.014750887,-0.052998193,0.043203387,1
1.57E+18,130,1574069806,46976418,base_link,0.091370312,0.054362204,0.103421979,0.144301832,-0.004897504,-0.095822491,1
1.57E+18,131,1574069806,352000527,base_link,0.088546822,0.073766364,0.098999256,-0.083145112,0.092100598,0.034099005,1
1.57E+18,132,1574069806,621682728,base_link,0.138569737,0.077738537,0.205973916,-0.004673751,-0.052840017,-0.019660058,1
1.57E+18,133,1574069806,905277903,base_link,0.127379738,0.063337887,0.172887424,-0.02079667,-0.042568188,-0.013008358,1
1.57E+18,134,1574069807,214164888,base_link,0.015127208,0.048366693,0.187911168,-0.010551027,0.130515277,-0.030127518,1
1.57E+18,135,1574069807,496929225,base_link,-0.010006823,0.06151747,0.220323077,-0.010551027,0.130515277,-0.030127518,1
1.57E+18,136,1574069807,762271639,base_link,-0.039677821,0.066760209,0.195594193,-0.045021862,-0.017788125,0.049888849,1
1.57E+18,137,1574069808,42848576,base_link,-0.062869169,0.040041718,0.195145846,-0.003291602,-0.028565923,-0.016814593,1
1.57E+18,138,1574069808,314189572,base_link,-0.045688933,0.026785851,0.110921813,-0.04234986,-0.126100823,-0.110028736,1
1.57E+18,139,1574069808,635983795,base_link,-0.030996095,0.011244935,0.019858182,-0.002571203,0.0527343,-0.276937634,1
1.57E+18,140,1574069808,872330607,base_link,0.012741807,0.020574213,0.034036205,-0.008547737,-0.025929863,-0.101982497,1
1.57E+18,141,1574069809,158290758,base_link,0.038802758,0.001026114,0.053423091,0.039790213,-0.020209767,0.029148212,1
1.57E+18,142,1574069809,431647979,base_link,0.046015171,-0.037021727,0.020521009,0.002592116,-0.103670374,0.100601465,1
1.57E+18,143,1574069809,712464305,base_link,-0.005944706,-0.03581905,0.014751764,0.001985558,-0.052712902,-0.005336453,1
1.57E+18,144,1574069809,972440938,base_link,-0.033700005,-0.033849155,0.000522505,0.005428805,0.055718906,-0.082990564,1
1.57E+18,145,1574069810,293252347,base_link,0.00858152,-0.006470857,-0.045388569,-0.045815531,-0.038431168,-0.037161276,1
1.57E+18,146,1574069810,590283302,base_link,0.061665054,-0.00872768,-0.022466904,0.055315286,-0.046952449,-0.02244712,1
1.57E+18,147,1574069810,852868410,base_link,0.069999986,0.014201877,-0.072412748,0.016286563,0.033091251,0.072562084,1
1.57E+18,148,1574069811,159555660,base_link,0.117220166,0.022640404,-0.062561335,-0.024310444,0.018355634,0.135949999,1
1.57E+18,149,1574069811,441366845,base_link,0.155104688,-3.69E-06,-0.031973738,0.027272498,0.03651914,0.051862862,1
1.57E+18,150,1574069811,687108651,base_link,0.168552845,-0.003034391,-0.015952455,0.069747627,0.050803091,0.0462461,1
1.57E+18,151,1574069811,981510235,base_link,0.183581344,0.051968659,0.076465552,-0.039365545,0.082159564,-0.034657892,1
1.57E+18,152,1574069812,268237544,base_link,0.158296712,0.094318946,0.085560006,0.010340693,0.144869581,0.020294663,1
1.57E+18,153,1574069812,536168662,base_link,0.131490404,0.117402511,0.119840066,-0.0758406,0.059168685,0.026897147,1
1.57E+18,154,1574069812,813428951,base_link,0.061422821,0.100042693,0.098230025,0.021449892,-0.068527691,0.047034197,1
1.57E+18,155,1574069813,92476352,base_link,0.00849055,0.099428626,0.114838164,-0.01959791,0.107356414,-0.022937307,1
1.57E+18,156,1574069813,408243567,base_link,-0.011986136,0.07860113,0.154470914,-0.129365385,-0.037085835,0.02351336,1
1.57E+18,157,1574069813,746904288,base_link,0.081555562,0.048591251,0.071829099,-0.003177878,-0.07985384,-0.020317277,1
1.57E+18,158,1574069813,990451577,base_link,0.060013829,0.043170663,0.04145002,0.050897524,-0.025542138,-0.123468481,1
1.57E+18,159,1574069814,258337601,base_link,0.009677124,0.053426554,0.134446231,0.050897524,-0.025542138,-0.123468481,1
1.57E+18,160,1574069814,531333013,base_link,0.004460233,0.038746881,0.05663341,-0.026998525,0.087909169,-0.051878512,1
1.57E+18,161,1574069814,847585248,base_link,0.090876616,0.064275248,0.005878142,0.136506796,-0.027940782,0.072667576,1
1.57E+18,162,1574069815,92896987,base_link,0.047219676,0.044372439,0.02666352,0.031769879,0.135192677,-0.37504971,1
1.57E+18,163,1574069815,353126808,base_link,0.016360328,0.035829578,0.055237029,0.039024424,-0.057882659,0.320562333,1
1.57E+18,164,1574069815,613296167,base_link,0.004817228,0.057869886,0.028832276,-0.069027558,-0.062725931,0.008326098,1
1.57E+18,165,1574069815,874039611,base_link,0.008548328,0.046710762,-0.00491585,-0.049812499,-0.080700882,0.008499939,1
1.57E+18,166,1574069816,138954041,base_link,0.028974441,-0.013934996,-0.046188486,-0.053214364,-0.108427666,0.059796806,1
1.57E+18,167,1574069816,393352169,base_link,0.064684526,-0.079167206,-0.089412617,-0.113063648,0.158377826,0.058209341,1
1.57E+18,168,1574069816,684469243,base_link,0.096643552,-0.066593058,-0.006902468,0.006513924,0.023930077,0.08448194,1
1.57E+18,169,1574069816,934240760,base_link,0.143316414,-0.038818942,0.029034545,-0.008197556,0.006145655,0.035469256,1
1.57E+18,170,1574069817,192146256,base_link,0.155182698,-0.033627101,0.063283385,-0.043157056,-0.029839251,-0.110955797,1
1.57E+18,171,1574069817,484094229,base_link,0.163491501,-0.040852882,0.02834049,0.027901446,-0.176158816,-0.135643542,1
1.57E+18,172,1574069817,733147684,base_link,0.098501657,-0.130286427,-0.011917587,0.078837812,0.096479304,-0.053543221,1
1.57E+18,173,1574069817,989621990,base_link,0.124790829,-0.23062294,-0.042584551,0.004311084,0.039527457,0.087973841,1
1.57E+18,174,1574069818,255644223,base_link,0.075090541,-0.156604206,-0.054466366,-0.02868196,0.052231986,0.131791383,1
1.57E+18,175,1574069818,536377750,base_link,0.026350813,-0.045202556,-0.000749987,0.021627497,0.009503774,0.020987783,1
1.57E+18,176,1574069818,804412453,base_link,-0.014955069,-0.003026274,-0.015566607,-0.024194114,0.022759385,-0.029771714,1
1.57E+18,177,1574069819,56717571,base_link,-0.06169194,0.000394938,-0.015634325,0.069432646,0.021209065,0.043534029,1
1.57E+18,178,1574069819,313014520,base_link,-0.041012228,-0.057607018,-0.024858226,0.034442849,-0.045724124,-0.020080166,1
1.57E+18,179,1574069819,614795094,base_link,-0.030242734,-0.172386591,-0.045078451,0.078182369,-0.008581293,0.106615022,1
1.57E+18,180,1574069819,901318034,base_link,-0.043121313,-0.286225272,-0.005155164,0.046173617,0.053316049,0.088994719,1
1.57E+18,181,1574069820,161256933,base_link,-0.067665977,-0.257232679,-0.018029481,-0.034115549,0.001611358,0.027303301,1
1.57E+18,182,1574069820,434092829,base_link,-0.017546734,-0.122256013,-0.058957347,-0.080359839,-0.016419483,0.114332683,1
1.57E+18,183,1574069820,689277926,base_link,-0.040303956,-0.061524093,-0.045435062,0.051323473,0.068686604,-0.020359654,1
1.57E+18,184,1574069820,940082979,base_link,-0.087505148,-0.120054364,-0.031128505,0.135314763,-0.021660408,0.012676938,1
1.57E+18,185,1574069821,199717310,base_link,-0.110730173,-0.256702959,-0.051383289,0.200929567,-0.02295397,0.069786631,1
1.57E+18,186,1574069821,460380897,base_link,-0.160752895,-0.301505262,-0.014758994,0.009571253,-0.054357938,-0.003541601,1
1.57E+18,187,1574069821,718109519,base_link,-0.149963178,-0.209626595,-0.018076408,0.137552679,-0.096157163,0.009949501,1
1.57E+18,188,1574069821,976927605,base_link,-0.121471533,-0.102174158,-0.061697764,-0.063892193,0.114023477,-0.163361758,1
1.57E+18,189,1574069822,284769382,base_link,-0.12848503,-0.102891804,-0.056761355,0.114678718,-0.06202846,0.025066638,1
1.57E+18,190,1574069822,559976032,base_link,-0.171288287,-0.145327681,-0.023940367,-0.124965727,0.041916747,0.068523891,1
1.57E+18,191,1574069822,813480380,base_link,-0.19978139,-0.125642228,-0.049380925,-0.349880189,-0.062342923,0.118120454,1
1.57E+18,192,1574069823,54298072,base_link,-0.192806243,-0.020669765,-0.082227923,-0.251093656,-0.085544907,0.059131682,1
1.57E+18,193,1574069823,320027086,base_link,-0.147003321,0.112862323,-0.063663332,-0.136561081,0.148269564,0.077878438,1
1.57E+18,194,1574069823,597071923,base_link,-0.148470505,0.183085415,-0.064139753,0.101487055,-0.077400655,-0.044237528,1
1.57E+18,195,1574069823,853009802,base_link,-0.128134559,0.195261306,-0.087768387,0.109517835,0.047794316,-0.115401611,1
1.57E+18,196,1574069824,121089468,base_link,-0.123827068,0.233471298,-0.094992819,0.049842626,0.078838989,-0.06456688,1
1.57E+18,197,1574069824,374348085,base_link,-0.106075546,0.234779433,-0.12051358,-0.014852568,-0.00579515,-0.017482705,1
1.57E+18,198,1574069824,633616508,base_link,-0.05359843,0.187312738,-0.102246774,0.026422378,0.07815592,0.005025052,1
1.57E+18,199,1574069824,927977515,base_link,-0.045677363,0.135031888,-0.104980845,-0.031433415,0.040424533,-0.023413468,1
1.57E+18,200,1574069825,171535755,base_link,-0.034571066,0.093892602,-0.122394048,0.040733326,0.152543828,0.05284157,1
1.57E+18,201,1574069825,463481036,base_link,-0.026288997,0.06910224,-0.121024152,-0.050786126,0.00180982,-0.006436138,1
1.57E+18,202,1574069825,711777548,base_link,-0.001807638,0.099467283,-0.138589813,-0.085544012,0.00176261,-0.051788785,1
1.57E+18,203,1574069825,975693693,base_link,0.055558846,0.107967173,-0.136649824,0.028079711,0.006738292,0.008876516,1
1.57E+18,204,1574069826,232083937,base_link,0.080116555,0.146595905,-0.115229822,-0.037264038,-0.004227736,-0.08318641,1
1.57E+18,205,1574069826,493148096,base_link,0.085091723,0.102968689,-0.148824858,0.059692062,-0.059405014,-0.000528354,1
1.57E+18,206,1574069826,760723176,base_link,0.055121346,0.045299375,-0.144708942,0.104406901,0.075277753,0.061900429,1
1.57E+18,207,1574069827,36651709,base_link,0.072308374,-0.015732505,-0.144689116,0.011583557,-0.03760482,-0.018047284,1
1.57E+18,208,1574069827,339117193,base_link,0.144599516,-0.047247289,-0.146835117,-0.033852588,-0.040647343,-0.012781143,1
1.57E+18,209,1574069827,564033583,base_link,0.126552543,-0.068938393,-0.155427915,-0.020547312,-0.02895988,0.000992088,1
1.57E+18,210,1574069827,811905957,base_link,0.105574866,-0.058379211,-0.18189016,-0.023601575,-0.085592672,0.05885886,1
1.57E+18,211,1574069828,77034059,base_link,0.067824285,-0.039436044,-0.172443383,0.008390714,-0.112010859,0.049978927,1
1.57E+18,212,1574069828,368538569,base_link,0.0303736,-0.010320432,-0.189756906,0.027114777,-0.141878456,0.10708525,1
1.57E+18,213,1574069828,630902471,base_link,0.020532911,-0.000916,-0.224519273,-0.081624866,-0.018696168,-0.165490702,1
1.57E+18,214,1574069828,871701761,base_link,0.02481306,-0.003442056,-0.2323957,-0.068121433,0.030316263,-0.140181765,1
1.57E+18,215,1574069829,132671760,base_link,0.026252287,-0.021098402,-0.241136978,0.030915264,0.06289763,0.010804843,1
1.57E+18,216,1574069829,394565903,base_link,0.137697853,-0.019875049,-0.242771802,0.028824128,0.012212615,0.053131938,1
1.57E+18,217,1574069829,653081898,base_link,0.295259833,-0.06934642,-0.260819257,0.003996072,-0.004060443,-0.036154862,1
1.57E+18,218,1574069829,914314180,base_link,0.390190947,-0.144921034,-0.270532221,0.055308897,0.21900183,0.013604445,1
1.57E+18,219,1574069830,202061692,base_link,0.369143467,-0.146367297,-0.214496936,0.006532434,0.018062394,-0.011961491,1
1.57E+18,220,1574069830,470537908,base_link,0.30969271,-0.078903874,-0.22621309,-0.055482119,-0.097174503,-0.007900901,1
1.57E+18,221,1574069830,733065920,base_link,0.241677102,0.036852195,-0.21001841,-0.029563364,0.166650936,-0.039884344,1
1.57E+18,222,1574069831,1377305,base_link,0.152044464,0.081094805,-0.201670554,0.089204773,0.020634919,0.003574812,1
1.57E+18,223,1574069831,288825264,base_link,0.164045771,0.082403225,-0.224555624,0.040288866,0.001389991,0.018380634,1
1.57E+18,224,1574069831,535082135,base_link,0.138949231,0.079557799,-0.21172449,0.039506834,0.029995482,0.014208629,1
1.57E+18,225,1574069831,819557769,base_link,0.11271008,0.069257344,-0.20971371,0.007414024,0.034627639,0.002430829,1
1.57E+18,226,1574069832,104670174,base_link,0.07054,0.048638915,-0.189651325,3.89E-05,0.034122959,-0.006597599,1
1.57E+18,227,1574069832,374095998,base_link,0.069366399,0.019006475,-0.191566415,0.004926789,-0.072078407,-0.028033257,1
1.57E+18,228,1574069832,655969406,base_link,0.104097853,-0.023678633,-0.16665786,-0.000102075,-0.003846345,-0.00584766,1
1.57E+18,229,1574069832,889735024,base_link,0.122713679,-0.060079913,-0.173138899,-0.010277295,-0.085748434,-0.012186926,1
1.57E+18,230,1574069833,154857571,base_link,0.072451228,-0.047838228,-0.170518846,-0.039161406,-0.149563342,0.043088913,1
1.57E+18,231,1574069833,421551368,base_link,0.053058967,0.003533863,-0.165814012,-0.040954351,0.145196587,0.033008266,1
1.57E+18,232,1574069833,701539171,base_link,0.013813216,0.06217701,-0.166722909,0.061680596,-0.051681068,-0.048864547,1
1.57E+18,233,1574069833,964424948,base_link,-0.008604171,0.086478088,-0.188266514,0.015904931,-0.038295217,-0.001850397,1
1.57E+18,234,1574069834,260295561,base_link,-0.039046705,0.083595383,-0.188819863,-0.014853315,0.045563385,0.029842064,1
1.57E+18,235,1574069834,518781879,base_link,-0.035139878,0.073212108,-0.19175658,0.003603037,0.060661022,0.016394375,1
1.57E+18,236,1574069834,810337338,base_link,-0.029798101,0.078825049,-0.186869305,-0.020147981,0.031988692,-0.016655225,1
1.57E+18,237,1574069835,26853444,base_link,-0.028456553,0.078101351,-0.183886054,0.001219842,0.02976203,-0.018073959,1
1.57E+18,238,1574069835,275952504,base_link,-0.018111432,0.071829517,-0.179599779,-0.020265365,0.019255932,0.003406405,1
1.57E+18,239,1574069835,536954831,base_link,-0.029246291,0.078834049,-0.191358565,0.009872508,0.036264677,0.008369198,1
1.57E+18,240,1574069835,795930325,base_link,-0.056056576,0.109115103,-0.188993198,0.023229059,0.009016128,-0.034882534,1
1.57E+18,241,1574069836,74971971,base_link,-0.050331971,0.122479357,-0.19230647,0.008193468,0.023966016,-0.024574528,1
1.57E+18,242,1574069836,321061366,base_link,-0.039580825,0.111695425,-0.172331547,0.02779072,-0.012909221,0.02922908,1
1.57E+18,243,1574069836,575415396,base_link,-0.020725609,0.092918927,-0.161012845,0.016903752,-0.013786839,0.030768536,1
1.57E+18,244,1574069836,836486655,base_link,-0.002704491,0.071589158,-0.152917306,-0.044308115,-0.054090858,-0.028026177,1
1.57E+18,245,1574069837,129429304,base_link,-0.022551109,0.058838357,-0.15922784,0.005538937,-0.010631034,-0.019598074,1
1.57E+18,246,1574069837,422346560,base_link,-0.018931751,0.055916474,-0.178948558,0.001757096,-0.004482211,0.003434127,1
1.57E+18,247,1574069837,654778168,base_link,-0.040021199,0.05532089,-0.161900746,-0.009786538,0.007777723,0.068202287,1
1.57E+18,248,1574069837,912511487,base_link,-0.069524581,0.056002861,-0.175433526,-0.030397879,-0.01647147,-0.0114173,1
1.57E+18,249,1574069838,157027551,base_link,-0.08132683,0.03097676,-0.167854613,-0.016173439,0.015285628,0.052131709,1
1.57E+18,250,1574069838,413315900,base_link,-0.097805268,0.03242466,-0.166728968,0.03145216,0.012235594,0.024651425,1
1.57E+18,251,1574069838,679178999,base_link,-0.097930286,0.025265411,-0.159777515,0.01480102,0.021369109,0.002781371,1
1.57E+18,252,1574069838,941965183,base_link,-0.085231624,0.015512288,-0.14577835,0.045617301,-0.073790766,0.0969356,1
1.57E+18,253,1574069839,199619498,base_link,-0.061753136,0.007695549,-0.161314971,0.045470335,-0.062156513,0.11493104,1
1.57E+18,254,1574069839,451923609,base_link,-0.044533163,0.006574113,-0.164529286,-0.03947695,0.026233722,-0.012698589,1
1.57E+18,255,1574069839,719913049,base_link,-0.065954255,0.027885388,-0.160394396,-0.01036033,-0.062046088,0.021272684,1
1.57E+18,256,1574069840,3859610,base_link,-0.065333786,0.063942719,-0.144318358,-0.006221185,-0.052874997,0.024451127,1
1.57E+18,257,1574069840,296456000,base_link,-0.026992726,0.091682027,-0.161269773,-0.055795077,-0.051732823,0.081833504,1
1.57E+18,258,1574069840,565308491,base_link,-0.011952956,0.110943551,-0.161382367,-0.05423633,-0.000952008,-0.038096778,1
1.57E+18,259,1574069840,830624347,base_link,-0.011171773,0.106767046,-0.162546976,-0.060578905,0.008333603,-0.128641129,1
1.57E+18,260,1574069841,91044963,base_link,-0.043986815,0.124676031,-0.139720634,0.04846812,-0.067943417,-0.033714775,1
1.57E+18,261,1574069841,353297527,base_link,-0.013628515,0.165324729,-0.160262741,0.04846812,-0.067943417,-0.033714775,1
1.57E+18,262,1574069841,619275932,base_link,-0.039633069,0.128464858,-0.179814835,0.026595715,0.118042536,-0.036186572,1
1.57E+18,263,1574069841,876543966,base_link,-0.076771367,0.111796699,-0.197577981,0.035639286,-0.047495529,-0.002309257,1
1.57E+18,264,1574069842,135997510,base_link,-0.106735511,0.129634641,-0.197251757,0.051830888,0.005920585,-0.036249496,1
1.57E+18,265,1574069842,405847413,base_link,-0.072708089,0.104769951,-0.188679537,-0.018163133,0.129465327,-0.020966189,1
1.57E+18,266,1574069842,685541672,base_link,-0.03598083,0.061439412,-0.208229894,-0.067036234,0.105937779,0.011037141,1
1.57E+18,267,1574069842,990993243,base_link,-0.08439984,0.022038795,-0.180469986,-0.032667037,-0.014991586,0.015162623,1
1.57E+18,268,1574069843,233776993,base_link,-0.023695021,0.037032795,-0.220999309,-0.023517335,0.032958563,-0.101389691,1
1.57E+18,269,1574069843,512199728,base_link,-0.032526575,0.052315871,-0.213486077,-0.035945244,0.194036618,-0.055515271,1
1.57E+18,270,1574069843,793159034,base_link,-0.024239371,0.054387773,-0.207652266,0.094443217,0.094212256,0.070135839,1
1.57E+18,271,1574069844,67507771,base_link,-0.049930687,0.050930633,-0.225724107,-0.061911095,-0.287004709,0.065465108,1
1.57E+18,272,1574069844,315241792,base_link,-0.030553044,0.054855741,-0.27861964,0.02549425,-0.113931321,-0.016919648,1
1.57E+18,273,1574069844,648631843,base_link,-0.043778582,0.071208353,-0.313941837,0.011043857,-0.024183525,0.033122543,1
1.57E+18,274,1574069844,848116241,base_link,-0.072798907,0.093609494,-0.378860835,0.014313485,-0.203381345,-0.088295683,1
1.57E+18,275,1574069845,101340742,base_link,-0.032141498,0.099135314,-0.500233765,0.07453157,-0.014808306,0.018419575,1
1.57E+18,276,1574069845,357138978,base_link,0.013679332,0.096604671,-0.58372216,-0.00694117,-0.169944689,-0.055677135,1
1.57E+18,277,1574069845,613611099,base_link,-0.042422366,0.124373353,-0.628646871,-0.033059947,-0.214346036,0.02161129,1
1.57E+18,278,1574069845,928056262,base_link,-0.006410987,0.097386535,-0.551435614,-0.02104398,-0.019107336,-0.04948267,1
1.57E+18,279,1574069846,180115501,base_link,-0.021619669,0.085718666,-0.498790188,0.070257783,-0.099484801,-0.001787659,1
1.57E+18,280,1574069846,439260010,base_link,-0.03494603,0.07810136,-0.362086672,-0.064799078,-0.160443708,-0.022093419,1
1.57E+18,281,1574069846,672991478,base_link,-0.040969811,0.075600773,-0.297907378,0.023243781,-0.005352134,-0.058117915,1
1.57E+18,282,1574069846,913740630,base_link,-0.078653074,0.091954274,-0.366694531,-0.007762999,-0.04249505,-0.033041224,1
1.57E+18,283,1574069847,153393838,base_link,-0.119459754,0.101241498,-0.50393206,-0.016257759,-0.063741103,0.011926926,1
1.57E+18,284,1574069847,393067157,base_link,-0.084946106,0.086831194,-0.594673018,0.045177609,0.244233757,-0.000455317,1
1.57E+18,285,1574069847,633588653,base_link,-0.096265927,0.101727775,-0.549480285,-0.002489314,-0.186675921,-0.084090292,1
1.57E+18,286,1574069847,873742931,base_link,-0.074992562,0.107472777,-0.521151118,0.09573403,0.076994814,0.037518293,1
1.57E+18,287,1574069848,112791578,base_link,-0.114766559,0.108828528,-0.51961319,-0.040771157,0.18045637,-0.07757666,1
1.57E+18,288,1574069848,353450077,base_link,-0.13319241,0.059109671,-0.481536363,0.04887658,-0.057186015,0.0612032,1
1.57E+18,289,1574069848,591901181,base_link,-0.101103468,0.065305284,-0.388759027,-0.09962406,-0.034296498,-0.044513553,1
1.57E+18,290,1574069848,833336075,base_link,-0.007192897,0.094238407,-0.284913424,-0.046130095,0.244847998,-0.042039637,1
1.57E+18,291,1574069849,73187423,base_link,0.072064787,0.076865175,-0.221436271,0.228035226,0.165376067,0.022617642,1
1.57E+18,292,1574069849,313544867,base_link,0.112949121,0.176501003,-0.175090605,-0.042103436,0.117133148,-0.037244845,1
1.57E+18,293,1574069849,552726386,base_link,0.141618594,0.195463181,-0.152998792,-0.004134407,0.00017698,-0.045604475,1
1.57E+18,294,1574069849,791579267,base_link,0.166924037,0.201937266,-0.143517124,-0.002409084,-0.016355552,0.013162026,1
1.57E+18,295,1574069850,35132873,base_link,0.182921318,0.182244811,-0.131421054,0.001013234,0.026071528,0.009207972,1
1.57E+18,296,1574069850,273332772,base_link,0.20155965,0.144822652,-0.121074959,-6.34E-05,-0.003427153,0.006472434,1
1.57E+18,297,1574069850,512489918,base_link,0.215365496,0.124515893,-0.113867682,-0.000922065,-0.019848866,0.004445041,1
1.57E+18,298,1574069850,753554516,base_link,0.228476727,0.10956037,-0.10548391,0.001711221,0.003667027,0.002282871,1
1.57E+18,299,1574069850,992670680,base_link,0.232388012,0.107914981,-0.098624411,0.001055047,0.013160789,0.001316419,1
1.57E+18,300,1574069851,231336429,base_link,0.234688006,0.116293717,-0.089999053,0.000284479,-0.006210316,-0.000238837,1
1.57E+18,301,1574069851,472916340,base_link,0.235442789,0.115575047,-0.082832973,-0.002567608,-0.010438106,-0.000582967,1
1.57E+18,302,1574069851,713373496,base_link,0.224055287,0.105717894,-0.076883994,0.000505365,0.007119323,-0.000462811,1
1.57E+18,303,1574069851,953084156,base_link,0.217765933,0.097963451,-0.071338965,0.0015862,0.007749578,-0.002623703,1
1.57E+18,304,1574069852,192878630,base_link,0.214978525,0.087365657,-0.068072896,-0.000716351,-0.006285102,-0.001064075,1
1.57E+18,305,1574069852,433333740,base_link,0.220336291,0.080219607,-0.063783108,-0.000568685,-0.00561587,-0.000837631,1
1.57E+18,306,1574069852,672783240,base_link,0.210965315,0.072209062,-0.059338643,0.000863573,0.006866503,-0.00185474,1
1.57E+18,307,1574069852,911852866,base_link,0.204924475,0.063849896,-0.059297277,0.000169859,0.002124787,-0.001422506,1
1.57E+18,308,1574069853,153347393,base_link,0.199985646,0.059055726,-0.058779291,0.000379258,-0.00492987,0.000181464,1
1.57E+18,309,1574069853,393347741,base_link,0.186474365,0.059835093,-0.057115912,0.00050611,6.23E-05,-0.00200618,1
1.57E+18,310,1574069853,632033236,base_link,0.174683891,0.062263126,-0.05662299,-0.000390923,0.00566508,-0.001585135,1
1.57E+18,311,1574069853,873532867,base_link,0.167239729,0.073155088,-0.057682007,-0.000313497,-0.001097097,-0.00038171,1
1.57E+18,312,1574069854,112349770,base_link,0.151588731,0.081583149,-0.058981554,0.000736322,-0.005340371,-0.002206806,1
1.57E+18,313,1574069854,353485294,base_link,0.132142082,0.078452768,-0.059867109,-0.000662849,0.002966921,0.000567061,1
1.57E+18,314,1574069854,591746533,base_link,0.112391459,0.073107186,-0.06048493,-3.95E-06,0.002837376,0.00139497,1
1.57E+18,315,1574069854,832421786,base_link,0.097127058,0.075265156,-0.061572775,0.000677713,-0.002399996,-0.000690707,1
1.57E+18,316,1574069855,72904008,base_link,0.087720607,0.078106152,-0.062081426,-0.00059185,-0.001600871,0.000993759,1
1.57E+18,317,1574069855,313631067,base_link,0.070905662,0.081658028,-0.063709307,-0.000225679,0.003065695,-0.002064506,1
1.57E+18,318,1574069855,553401504,base_link,0.058669451,0.077782713,-0.066508471,0.000815599,-0.000879892,0.0003063,1
1.57E+18,319,1574069855,792790138,base_link,0.04766714,0.064455878,-0.068300533,0.001018426,-0.003308634,-0.000700803,1
1.57E+18,320,1574069856,32345831,base_link,0.043795231,0.050884836,-0.072934623,0.002456876,-0.00013122,0.000132372,1
1.57E+18,321,1574069856,273139246,base_link,0.041545352,0.030637985,-0.078088164,-0.000655887,0.003607333,0.001212659,1
1.57E+18,322,1574069856,512753631,base_link,0.03128095,0.013490084,-0.08244956,0.000323192,-0.000389955,-0.000334628,1
1.57E+18,323,1574069856,758763204,base_link,0.013222556,-0.003639371,-0.085478568,0.000694822,-0.001213757,-0.000760044,1
1.57E+18,324,1574069856,992060218,base_link,-0.002746832,-0.016909276,-0.091161646,-0.000261365,0.001859344,-7.76E-05,1
1.57E+18,325,1574069857,233632788,base_link,-0.00648853,-0.019226183,-0.097462299,-0.000103129,0.000635938,-0.001094593,1
1.57E+18,326,1574069857,472324454,base_link,-0.005142084,-0.01061485,-0.10031966,0.000326405,-0.002306057,0.001515739,1
1.57E+18,327,1574069857,713030713,base_link,-0.013232092,-0.002055564,-0.103970997,-0.000799342,0.001152611,-0.002379029,1
1.57E+18,328,1574069857,952514969,base_link,-0.01961431,0.007307075,-0.106382742,-0.000643313,0.000806514,0.001047718,1
1.57E+18,329,1574069858,193093870,base_link,-0.019471618,0.010702048,-0.109941818,0.001831979,-0.000572191,-0.000795303,1
1.57E+18,330,1574069858,432721040,base_link,-0.018948994,0.010356643,-0.11255556,0.001962111,-0.001546599,-0.001648098,1
1.57E+18,331,1574069858,672606091,base_link,-0.020918712,0.012890586,-0.112940978,0.001574573,-0.001223861,-7.41E-05,1
1.57E+18,332,1574069858,911871825,base_link,-0.023921771,0.01469151,-0.115420463,-0.000304126,-0.000109876,-0.00099553,1
1.57E+18,333,1574069859,151973384,base_link,-0.024679259,0.004183705,-0.116376863,-0.000834515,-0.000225726,0.00067998,1
1.57E+18,334,1574069859,392352591,base_link,-0.032482551,-0.018311224,-0.117692668,0.001032194,4.03E-05,0.000506577,1
1.57E+18,335,1574069859,632915891,base_link,-0.03684,-0.033535277,-0.119785715,-0.000493372,0.001330444,0.000379232,1
1.57E+18,336,1574069859,871206191,base_link,-0.041538828,-0.047236575,-0.119483185,-0.000886282,0.000188446,0.001261341,1
1.57E+18,337,1574069860,113169308,base_link,-0.053324635,-0.064601924,-0.121315255,-0.000471719,-0.001259088,0.00222729,1
1.57E+18,338,1574069860,352898575,base_link,-0.062831654,-0.077964483,-0.122584487,0.002429406,-0.001442275,0.001521641,1
1.57E+18,339,1574069860,592420751,base_link,-0.067995128,-0.083668617,-0.122359389,0.00091796,9.68E-05,0.000408689,1
1.57E+18,340,1574069860,830999229,base_link,-0.064863494,-0.080539222,-0.119470058,-0.000400201,-0.001368042,-0.001959836,1
1.57E+18,341,1574069861,72646273,base_link,-0.059568783,-0.077197999,-0.118434307,0.001113734,-0.000943632,-0.001241063,1
1.57E+18,342,1574069861,311240845,base_link,-0.062479004,-0.073924942,-0.119112526,-0.001361548,0.000719262,-0.001315266,1
1.57E+18,343,1574069861,552609226,base_link,-0.061389593,-0.06377622,-0.116312636,0.000554057,-1.30E-05,-0.00056338,1
1.57E+18,344,1574069861,792675282,base_link,-0.059351525,-0.05691743,-0.113305546,-0.000380802,0.000282388,-0.00135111,1
1.57E+18,345,1574069862,33275473,base_link,-0.058083003,-0.051879892,-0.11150014,-0.000703935,-2.58E-05,0.000214142,1
1.57E+18,346,1574069862,271903080,base_link,-0.059036874,-0.045671333,-0.11076079,9.46E-05,0.000138652,1.86E-05,1
1.57E+18,347,1574069862,512989472,base_link,-0.064375643,-0.030479663,-0.108947469,0.000665867,-0.000455247,0.000488696,1
1.57E+18,348,1574069862,752155153,base_link,-0.064069949,-0.010186727,-0.106399962,0.0001314,-0.00071339,-0.001251446,1
1.57E+18,349,1574069862,992993163,base_link,-0.059533411,0.003895018,-0.105349491,-4.13E-05,-0.000407888,-0.001554355,1
1.57E+18,350,1574069863,232432293,base_link,-0.059190694,0.017924664,-0.102249102,-0.001444842,0.000219696,0.000306384,1
1.57E+18,351,1574069863,472132425,base_link,-0.058076933,0.02311883,-0.09833525,-0.000416514,-0.001162293,-0.000436193,1
1.57E+18,352,1574069863,711550578,base_link,-0.062129594,0.030665969,-0.093845048,-0.000586898,0.000635536,-0.000711773,1
1.57E+18,353,1574069863,953018346,base_link,-0.064582911,0.038741995,-0.090037041,0.000148832,0.000173434,0.000133519,1
1.57E+18,354,1574069864,191064201,base_link,-0.067394964,0.039105689,-0.086167479,0.000645711,-0.001566456,0.000102844,1
1.57E+18,355,1574069864,433296531,base_link,-0.073466609,0.029579285,-0.080428587,-0.001663602,-0.001569274,0.000342327,1
1.57E+18,356,1574069864,675024803,base_link,-0.081459592,0.025699561,-0.077454563,-0.000392108,0.001743017,-0.000589276,1
1.57E+18,357,1574069864,911248813,base_link,-0.07723389,0.017716321,-0.077056665,-0.00071464,0.000194174,0.000266497,1
1.57E+18,635,1574068125,90282327,base_link,-0.069542342,-0.109007726,-1.959190048,0.053422283,-0.012214524,-0.524122655,0
1.57E+18,636,1574068125,347990083,base_link,-0.106603661,-0.173648104,-2.356693965,0.045837082,-0.122746542,-0.638109803,0
1.57E+18,637,1574068125,628741829,base_link,0.042889534,-0.173394664,-1.127006983,0.017014075,0.42641589,-1.382727742,0
1.57E+18,638,1574068125,910273772,base_link,-0.009958542,0.236116016,-1.172671056,-1.71199882,-0.167738795,-1.179861665,0
1.57E+18,639,1574068126,178376853,base_link,-0.313752808,0.462215527,-1.176401238,-0.542844594,0.016128056,-0.792911887,0
1.57E+18,640,1574068126,433885204,base_link,-0.463326778,0.315454889,-1.138147998,-0.081669487,0.084903084,0.008710904,0
1.57E+18,641,1574068126,734584440,base_link,-0.43034429,0.291714533,-1.106724573,-0.042466275,0.01476655,0.018280426,0
1.57E+18,642,1574068127,30201932,base_link,-0.420149897,0.252109751,-1.048027321,-0.010918657,-0.009679172,0.009044817,0
1.57E+18,643,1574068127,274954463,base_link,-0.405181911,0.217510121,-0.991800709,-0.006852511,-0.012818683,-0.004558673,0
1.57E+18,644,1574068127,550745316,base_link,-0.393740444,0.184822343,-0.937958426,-0.008647204,-0.0006175,-0.010811261,0
1.57E+18,645,1574068127,809432080,base_link,-0.376078837,0.15040718,-0.893489812,0.035928149,0.029823119,-0.004479871,0
1.57E+18,646,1574068128,88997503,base_link,-0.364341173,0.113645466,-0.848825631,-0.004040326,-0.007169012,0.048307795,0
1.57E+18,647,1574068128,346598419,base_link,-0.344355476,0.07952126,-0.801250945,0.0333126,0.010826078,0.006092262,0
1.57E+18,648,1574068128,608272753,base_link,-0.318172996,0.051162073,-0.756425141,-0.048222255,0.018712442,0.000577414,0
1.57E+18,649,1574068128,924536219,base_link,-0.267055125,0.015303398,-0.717793244,0.004157173,0.004460801,0.009449623,0
1.57E+18,650,1574068129,163133722,base_link,-0.221861227,-0.01382726,-0.654463503,-0.083779432,0.063391536,-0.006600896,0
1.57E+18,651,1574068129,427348499,base_link,-0.137706711,-0.040802621,-0.588422641,-0.079448573,0.149864614,0.065846018,0
1.57E+18,652,1574068129,721054039,base_link,-0.0008291,-0.051813324,-0.489357051,0.028695358,0.365083784,-0.013679377,0
1.57E+18,653,1574068129,968335415,base_link,0.213125491,-0.063212125,-0.377785492,-0.083558768,0.6664505,0.040975865,0
1.57E+18,654,1574068130,226317794,base_link,0.509154991,-0.073161458,-0.225090521,0.187574804,0.966906428,-0.250934422,0
1.57E+18,655,1574068130,485777534,base_link,1.206022271,0.046933189,0.130012154,-0.228424683,2.159340858,0.091902897,0
1.57E+18,656,1574068130,746607863,base_link,0.288025124,-0.235002169,0.912070528,0.149909228,1.439930558,-0.781773329,0
1.57E+18,657,1574068131,8197751,base_link,0.226000959,-0.107991623,1.990761309,0.000221244,5.337954521,0.149667382,0
1.57E+18,658,1574068131,268842361,base_link,-0.557532781,-0.372895675,2.714067634,-0.961579263,2.109258175,-0.355255544,0
1.57E+18,659,1574068131,558466736,base_link,-0.167152492,0.231320298,3.122980377,-1.156708717,0.118992671,-1.117270708,0
1.57E+18,660,1574068131,830181399,base_link,0.007595922,0.643448381,3.948342889,0.443652451,-1.001423121,-0.228830978,0
1.57E+18,661,1574068132,79201765,base_link,0.093918972,0.63142987,5.011013275,-0.31615603,0.519171178,0.490792394,0
1.57E+18,662,1574068132,347167036,base_link,0.198992804,0.616319014,5.487515492,0.628273904,0.00886536,1.542916656,0
1.57E+18,663,1574068132,636924160,base_link,0.440859436,0.739659772,6.672386804,-0.594794393,0.82974714,1.127049804,0
1.57E+18,664,1574068132,894473970,base_link,0.695317395,0.657798853,7.838806723,1.919355035,0.239736006,2.032436371,0
1.57E+18,665,1574068133,156215748,base_link,0.759810301,0.417373481,8.399499269,-0.54831326,0.214829549,2.570982695,0
1.57E+18,666,1574068133,430214726,base_link,0.185141763,0.092096371,6.622832783,-0.549907267,1.529662132,1.542575359,0
1.57E+18,667,1574068133,711902010,base_link,-0.063258073,0.509970696,6.523840399,0.112788245,-0.05341962,-0.211176515,0
1.57E+18,668,1574068133,968937661,base_link,-0.049791479,0.585742878,6.637988958,0.302816004,-0.064918779,0.16821821,0
1.57E+18,669,1574068134,240519331,base_link,0.27226475,0.684032285,7.938916915,-0.135946646,-0.202612504,-0.648922563,0
1.57E+18,670,1574068134,497465474,base_link,0.623221415,1.25093109,8.177161269,-0.065148227,-0.309288085,-1.505728722,0
1.57E+18,671,1574068134,749407462,base_link,0.545165129,1.247645923,7.998455073,0.143723324,-0.249386564,-1.439507604,0
